MEASURED_AT_LOCAL,AHU_ID,ZONE,FAN_SPEED_PCT,SUPPLY_AIR_TEMP_C,RETURN_AIR_TEMP_C,EXTRACT_CO2_PPM,MANUAL_OVERRIDE_MIN,ALARM_COUNT
15.01.2026 07:30,RLT_NORD,KLASSENTRAKT_NORD,62,19.8,21.6,860,15,1
15.01.2026 07:00,RLT_SUED,LABORTRAKT_SUED,35,18.7,20.8,520,,0
15.01.2026 07:45,RLT_NORD,KLASSENTRAKT_NORD,68,20.1,21.9,,,0
15.01.2026 07:15,RLT_NORD,KLASSENTRAKT_NORD,48,19.1,21.1,690,,0
15.01.2026 07:00,RLT_NORD,KLASSENTRAKT_NORD,42,18.9,20.7,610,0,0
15.01.2026 07:30,RLT_SUED,LABORTRAKT_SUED,58,19.4,21.4,780,0,
15.01.2026 07:15,RLT_SUED,LABORTRAKT_SUED,46,19.0,21.0,640,,0
15.01.2026 07:30,RLT_NORD,KLASSENTRAKT_NORD,62,19.8,21.6,860,15,1
15.01.2026 07:45,RLT_SUED,LABORTRAKT_SUED,63,19.7,21.7,820,10,0
15.01.2026 08:00,RLT_NORD,KLASSENTRAKT_NORD,71,20.4,22.2,940,0,0
15.01.2026 08:00,RLT_SUED,LABORTRAKT_SUED,66,20.0,21.9,850,,0
15.01.2026 07:15,RLT_SUED,LABORTRAKT_SUED,46,19.0,21.0,640,,0
