timestamp,room_id,room_label,date,weekday_name,hour,is_weekend,co2,temperature,humidity,light,pir,co2_attention,co2_warning
2013-08-23 23:00:00,421,Raum 421,2013-08-23,Freitag,23,False,392.4,22.93,52.9,195.2,0.0,False,False
2013-08-24 00:00:00,421,Raum 421,2013-08-24,Samstag,0,True,400.6,23.13,52.9,187.2,0.0,False,False
2013-08-24 01:00:00,421,Raum 421,2013-08-24,Samstag,1,True,362.4,23.33,52.1,194.8,0.0,False,False
2013-08-24 02:00:00,421,Raum 421,2013-08-24,Samstag,2,True,340.0,23.3,51.7,93.5,0.0,False,False
2013-08-24 03:00:00,421,Raum 421,2013-08-24,Samstag,3,True,331.9,23.0,52.5,18.5,0.0,False,False
2013-08-24 04:00:00,421,Raum 421,2013-08-24,Samstag,4,True,331.7,22.91,52.8,18.2,0.0,False,False
2013-08-24 05:00:00,421,Raum 421,2013-08-24,Samstag,5,True,329.9,22.84,52.8,18.1,0.0,False,False
2013-08-24 06:00:00,421,Raum 421,2013-08-24,Samstag,6,True,325.7,22.7,53.2,18.2,0.0,False,False
2013-08-24 07:00:00,421,Raum 421,2013-08-24,Samstag,7,True,326.0,22.63,53.4,18.2,0.0,False,False
2013-08-24 08:00:00,421,Raum 421,2013-08-24,Samstag,8,True,324.9,22.56,53.5,18.2,0.0,False,False
2013-08-24 09:00:00,421,Raum 421,2013-08-24,Samstag,9,True,323.0,22.48,53.6,18.2,0.0,False,False
2013-08-24 10:00:00,421,Raum 421,2013-08-24,Samstag,10,True,322.6,22.4,53.6,18.2,0.0,False,False
2013-08-24 11:00:00,421,Raum 421,2013-08-24,Samstag,11,True,323.5,22.36,53.8,18.2,0.0,False,False
2013-08-24 12:00:00,421,Raum 421,2013-08-24,Samstag,12,True,333.0,22.41,54.0,18.2,0.0,False,False
2013-08-24 13:00:00,421,Raum 421,2013-08-24,Samstag,13,True,388.7,22.79,55.0,20.1,0.0,False,False
2013-08-24 14:00:00,421,Raum 421,2013-08-24,Samstag,14,True,343.6,22.53,56.3,52.3,0.0,False,False
2013-08-24 15:00:00,421,Raum 421,2013-08-24,Samstag,15,True,329.6,22.44,55.9,114.0,0.0,False,False
2013-08-24 16:00:00,421,Raum 421,2013-08-24,Samstag,16,True,328.3,22.57,55.2,145.5,0.0,False,False
2013-08-24 17:00:00,421,Raum 421,2013-08-24,Samstag,17,True,331.6,22.65,54.7,176.5,0.0,False,False
2013-08-24 18:00:00,421,Raum 421,2013-08-24,Samstag,18,True,341.7,22.74,54.8,194.7,0.0,False,False
2013-08-24 19:00:00,421,Raum 421,2013-08-24,Samstag,19,True,344.2,22.79,55.0,214.0,0.0,False,False
2013-08-24 20:00:00,421,Raum 421,2013-08-24,Samstag,20,True,342.3,22.89,55.0,213.7,0.0,False,False
2013-08-24 21:00:00,421,Raum 421,2013-08-24,Samstag,21,True,340.3,23.02,54.7,243.8,0.0,False,False
2013-08-24 22:00:00,421,Raum 421,2013-08-24,Samstag,22,True,343.4,23.17,54.5,222.7,0.0,False,False
2013-08-24 23:00:00,421,Raum 421,2013-08-24,Samstag,23,True,340.3,23.35,54.2,224.8,0.0,False,False
2013-08-25 00:00:00,421,Raum 421,2013-08-25,Sonntag,0,True,342.9,23.6,54.1,198.3,0.0,False,False
2013-08-25 01:00:00,421,Raum 421,2013-08-25,Sonntag,1,True,343.5,23.86,54.0,175.8,0.0,False,False
2013-08-25 02:00:00,421,Raum 421,2013-08-25,Sonntag,2,True,338.0,24.04,53.9,64.9,0.0,False,False
2013-08-25 03:00:00,421,Raum 421,2013-08-25,Sonntag,3,True,336.2,23.85,54.3,17.6,0.0,False,False
2013-08-25 04:00:00,421,Raum 421,2013-08-25,Sonntag,4,True,339.2,23.68,54.8,18.1,0.0,False,False
2013-08-25 05:00:00,421,Raum 421,2013-08-25,Sonntag,5,True,337.0,23.51,55.2,18.1,0.0,False,False
2013-08-25 06:00:00,421,Raum 421,2013-08-25,Sonntag,6,True,334.8,23.37,55.5,18.2,0.0,False,False
2013-08-25 07:00:00,421,Raum 421,2013-08-25,Sonntag,7,True,337.0,23.26,55.9,18.2,0.0,False,False
2013-08-25 08:00:00,421,Raum 421,2013-08-25,Sonntag,8,True,336.8,23.2,56.8,18.2,0.0,False,False
2013-08-25 09:00:00,421,Raum 421,2013-08-25,Sonntag,9,True,334.8,23.15,57.6,18.2,0.0,False,False
2013-08-25 10:00:00,421,Raum 421,2013-08-25,Sonntag,10,True,337.9,23.11,58.2,18.2,0.0,False,False
2013-08-25 11:00:00,421,Raum 421,2013-08-25,Sonntag,11,True,331.8,23.06,58.5,18.1,0.0,False,False
2013-08-25 12:00:00,421,Raum 421,2013-08-25,Sonntag,12,True,331.4,23.03,58.9,18.1,0.0,False,False
2013-08-25 13:00:00,421,Raum 421,2013-08-25,Sonntag,13,True,332.8,23.0,59.2,19.7,0.0,False,False
2013-08-25 14:00:00,421,Raum 421,2013-08-25,Sonntag,14,True,334.7,22.97,59.7,35.5,0.0,False,False
2013-08-25 15:00:00,421,Raum 421,2013-08-25,Sonntag,15,True,330.1,22.95,60.3,101.6,0.0,False,False
2013-08-25 16:00:00,421,Raum 421,2013-08-25,Sonntag,16,True,330.5,23.12,60.0,189.3,0.0,False,False
2013-08-25 17:00:00,421,Raum 421,2013-08-25,Sonntag,17,True,331.1,23.32,59.5,228.9,0.0,False,False
2013-08-25 18:00:00,421,Raum 421,2013-08-25,Sonntag,18,True,333.1,23.44,59.2,211.9,0.0,False,False
2013-08-25 19:00:00,421,Raum 421,2013-08-25,Sonntag,19,True,337.5,23.47,59.3,199.5,0.0,False,False
2013-08-25 20:00:00,421,Raum 421,2013-08-25,Sonntag,20,True,334.9,23.46,59.3,202.2,0.0,False,False
2013-08-25 21:00:00,421,Raum 421,2013-08-25,Sonntag,21,True,329.6,23.41,59.8,286.0,0.0,False,False
2013-08-25 22:00:00,421,Raum 421,2013-08-25,Sonntag,22,True,336.3,23.63,59.1,315.2,0.0,False,False
2013-08-25 23:00:00,421,Raum 421,2013-08-25,Sonntag,23,True,337.1,23.78,58.5,270.0,0.0,False,False
2013-08-26 00:00:00,421,Raum 421,2013-08-26,Montag,0,False,338.2,24.0,57.7,241.7,0.0,False,False
2013-08-26 01:00:00,421,Raum 421,2013-08-26,Montag,1,False,336.5,24.23,56.5,231.6,0.0,False,False
2013-08-26 02:00:00,421,Raum 421,2013-08-26,Montag,2,False,337.3,24.47,55.9,105.3,0.0,False,False
2013-08-26 03:00:00,421,Raum 421,2013-08-26,Montag,3,False,339.5,24.21,56.0,17.4,0.0,False,False
2013-08-26 04:00:00,421,Raum 421,2013-08-26,Montag,4,False,333.2,23.86,56.3,17.7,0.0,False,False
2013-08-26 05:00:00,421,Raum 421,2013-08-26,Montag,5,False,333.5,23.63,56.5,18.2,0.0,False,False
2013-08-26 06:00:00,421,Raum 421,2013-08-26,Montag,6,False,325.1,23.42,56.4,18.2,0.0,False,False
2013-08-26 07:00:00,421,Raum 421,2013-08-26,Montag,7,False,323.1,23.28,56.1,18.2,0.0,False,False
2013-08-26 08:00:00,421,Raum 421,2013-08-26,Montag,8,False,321.4,23.13,56.2,18.1,0.0,False,False
2013-08-26 09:00:00,421,Raum 421,2013-08-26,Montag,9,False,323.1,23.03,56.2,18.2,0.0,False,False
2013-08-26 10:00:00,421,Raum 421,2013-08-26,Montag,10,False,320.7,22.95,56.3,18.2,0.0,False,False
2013-08-26 11:00:00,421,Raum 421,2013-08-26,Montag,11,False,320.2,22.82,56.4,18.3,0.0,False,False
2013-08-26 12:00:00,421,Raum 421,2013-08-26,Montag,12,False,321.2,22.71,56.8,18.1,0.0,False,False
2013-08-26 13:00:00,421,Raum 421,2013-08-26,Montag,13,False,325.0,22.73,57.2,20.3,0.0,False,False
2013-08-26 14:00:00,421,Raum 421,2013-08-26,Montag,14,False,326.4,22.71,57.3,37.9,0.0,False,False
2013-08-26 15:00:00,421,Raum 421,2013-08-26,Montag,15,False,331.3,22.73,56.6,104.6,0.0,False,False
2013-08-26 16:00:00,421,Raum 421,2013-08-26,Montag,16,False,346.4,22.87,56.1,144.9,0.0,False,False
2013-08-26 17:00:00,421,Raum 421,2013-08-26,Montag,17,False,356.1,23.01,55.6,225.5,0.0,False,False
2013-08-26 18:00:00,421,Raum 421,2013-08-26,Montag,18,False,366.7,23.17,55.2,195.8,0.0,False,False
2013-08-26 19:00:00,421,Raum 421,2013-08-26,Montag,19,False,381.1,23.21,55.2,200.3,0.0,False,False
2013-08-26 20:00:00,421,Raum 421,2013-08-26,Montag,20,False,394.1,23.14,55.9,202.6,0.0,False,False
2013-08-26 21:00:00,421,Raum 421,2013-08-26,Montag,21,False,405.3,23.03,55.9,198.1,0.0,False,False
2013-08-26 22:00:00,421,Raum 421,2013-08-26,Montag,22,False,408.4,23.01,55.4,188.4,0.0,False,False
2013-08-26 23:00:00,421,Raum 421,2013-08-26,Montag,23,False,405.5,23.05,54.7,187.6,0.0,False,False
2013-08-27 00:00:00,421,Raum 421,2013-08-27,Dienstag,0,False,416.7,23.25,54.4,173.6,0.0,False,False
2013-08-27 01:00:00,421,Raum 421,2013-08-27,Dienstag,1,False,395.4,23.45,54.1,179.7,0.0,False,False
2013-08-27 02:00:00,421,Raum 421,2013-08-27,Dienstag,2,False,358.7,23.48,53.6,87.4,0.0,False,False
2013-08-27 03:00:00,421,Raum 421,2013-08-27,Dienstag,3,False,332.4,23.21,54.4,18.4,0.0,False,False
2013-08-27 04:00:00,421,Raum 421,2013-08-27,Dienstag,4,False,339.6,23.11,53.8,18.2,0.0,False,False
2013-08-27 05:00:00,421,Raum 421,2013-08-27,Dienstag,5,False,344.6,23.14,53.2,18.2,0.0,False,False
2013-08-27 06:00:00,421,Raum 421,2013-08-27,Dienstag,6,False,343.3,23.1,52.9,18.2,0.0,False,False
2013-08-27 07:00:00,421,Raum 421,2013-08-27,Dienstag,7,False,342.2,23.01,53.0,18.1,0.0,False,False
2013-08-27 08:00:00,421,Raum 421,2013-08-27,Dienstag,8,False,334.1,22.93,53.7,18.2,0.0,False,False
2013-08-27 09:00:00,421,Raum 421,2013-08-27,Dienstag,9,False,326.5,22.84,54.3,18.2,0.0,False,False
2013-08-27 10:00:00,421,Raum 421,2013-08-27,Dienstag,10,False,324.8,22.74,53.2,18.2,0.0,False,False
2013-08-27 11:00:00,421,Raum 421,2013-08-27,Dienstag,11,False,324.0,22.62,51.4,18.2,0.0,False,False
2013-08-27 12:00:00,421,Raum 421,2013-08-27,Dienstag,12,False,325.9,22.54,51.0,18.2,0.0,False,False
2013-08-27 13:00:00,421,Raum 421,2013-08-27,Dienstag,13,False,328.6,22.49,51.7,23.8,0.0,False,False
2013-08-27 14:00:00,421,Raum 421,2013-08-27,Dienstag,14,False,332.8,22.45,52.9,66.6,0.0,False,False
2013-08-27 15:00:00,421,Raum 421,2013-08-27,Dienstag,15,False,339.5,22.49,53.9,92.4,0.0,False,False
2013-08-27 16:00:00,421,Raum 421,2013-08-27,Dienstag,16,False,350.2,22.61,54.3,149.0,0.0,False,False
2013-08-27 17:00:00,421,Raum 421,2013-08-27,Dienstag,17,False,350.5,22.61,55.4,180.2,0.0,False,False
2013-08-27 18:00:00,421,Raum 421,2013-08-27,Dienstag,18,False,352.6,22.67,55.6,189.7,0.0,False,False
2013-08-27 23:00:00,421,Raum 421,2013-08-27,Dienstag,23,False,419.6,23.0,57.3,187.5,0.0,False,False
2013-08-28 00:00:00,421,Raum 421,2013-08-28,Mittwoch,0,False,419.0,23.12,57.0,174.5,0.0,False,False
2013-08-28 01:00:00,421,Raum 421,2013-08-28,Mittwoch,1,False,382.9,23.24,56.7,177.8,0.0,False,False
2013-08-28 02:00:00,421,Raum 421,2013-08-28,Mittwoch,2,False,332.9,23.29,56.9,81.7,0.0,False,False
2013-08-28 03:00:00,421,Raum 421,2013-08-28,Mittwoch,3,False,326.5,23.1,57.7,18.3,0.0,False,False
2013-08-28 04:00:00,421,Raum 421,2013-08-28,Mittwoch,4,False,328.5,23.05,58.2,18.2,0.0,False,False
2013-08-28 05:00:00,421,Raum 421,2013-08-28,Mittwoch,5,False,330.4,23.08,58.2,18.1,0.0,False,False
2013-08-28 06:00:00,421,Raum 421,2013-08-28,Mittwoch,6,False,334.4,23.03,58.0,18.2,0.0,False,False
2013-08-28 07:00:00,421,Raum 421,2013-08-28,Mittwoch,7,False,329.3,22.96,58.0,18.3,0.0,False,False
2013-08-28 08:00:00,421,Raum 421,2013-08-28,Mittwoch,8,False,326.2,22.88,57.9,18.2,0.0,False,False
2013-08-28 09:00:00,421,Raum 421,2013-08-28,Mittwoch,9,False,323.0,22.8,57.9,18.3,0.0,False,False
2013-08-28 10:00:00,421,Raum 421,2013-08-28,Mittwoch,10,False,319.4,22.75,58.0,18.3,0.0,False,False
2013-08-28 11:00:00,421,Raum 421,2013-08-28,Mittwoch,11,False,319.7,22.7,58.1,18.2,0.0,False,False
2013-08-28 12:00:00,421,Raum 421,2013-08-28,Mittwoch,12,False,320.4,22.65,58.1,18.2,0.0,False,False
2013-08-28 13:00:00,421,Raum 421,2013-08-28,Mittwoch,13,False,324.6,22.62,58.0,20.2,0.0,False,False
2013-08-28 14:00:00,421,Raum 421,2013-08-28,Mittwoch,14,False,324.8,22.6,58.2,52.0,0.0,False,False
2013-08-28 15:00:00,421,Raum 421,2013-08-28,Mittwoch,15,False,329.4,22.65,58.2,119.6,0.0,False,False
2013-08-28 16:00:00,421,Raum 421,2013-08-28,Mittwoch,16,False,361.0,22.82,58.0,199.1,1.4,False,False
2013-08-28 17:00:00,421,Raum 421,2013-08-28,Mittwoch,17,False,616.7,23.31,58.3,184.7,0.0,False,False
2013-08-28 18:00:00,421,Raum 421,2013-08-28,Mittwoch,18,False,453.0,23.22,57.9,200.9,0.0,False,False
2013-08-28 19:00:00,421,Raum 421,2013-08-28,Mittwoch,19,False,417.6,23.18,58.2,203.6,0.0,False,False
2013-08-28 20:00:00,421,Raum 421,2013-08-28,Mittwoch,20,False,401.1,23.2,58.9,204.5,0.0,False,False
2013-08-28 21:00:00,421,Raum 421,2013-08-28,Mittwoch,21,False,393.2,23.18,60.0,198.9,0.0,False,False
2013-08-28 22:00:00,421,Raum 421,2013-08-28,Mittwoch,22,False,396.4,23.19,60.4,263.7,0.0,False,False
2013-08-28 23:00:00,421,Raum 421,2013-08-28,Mittwoch,23,False,441.3,23.32,59.2,210.5,0.0,False,False
2013-08-29 00:00:00,421,Raum 421,2013-08-29,Donnerstag,0,False,427.4,23.34,58.6,181.2,0.0,False,False
2013-08-29 01:00:00,421,Raum 421,2013-08-29,Donnerstag,1,False,384.9,23.45,58.3,171.0,0.0,False,False
2013-08-29 02:00:00,421,Raum 421,2013-08-29,Donnerstag,2,False,336.0,23.27,59.1,28.8,0.0,False,False
2013-08-29 03:00:00,421,Raum 421,2013-08-29,Donnerstag,3,False,328.9,23.08,60.2,18.3,0.0,False,False
2013-08-29 04:00:00,421,Raum 421,2013-08-29,Donnerstag,4,False,329.0,23.05,60.3,18.2,0.0,False,False
2013-08-29 05:00:00,421,Raum 421,2013-08-29,Donnerstag,5,False,330.9,23.05,60.4,18.2,0.0,False,False
2013-08-29 06:00:00,421,Raum 421,2013-08-29,Donnerstag,6,False,328.3,23.0,60.5,18.2,0.0,False,False
2013-08-29 07:00:00,421,Raum 421,2013-08-29,Donnerstag,7,False,328.4,22.91,60.7,18.1,0.0,False,False
2013-08-29 08:00:00,421,Raum 421,2013-08-29,Donnerstag,8,False,325.5,22.82,60.9,18.2,0.0,False,False
2013-08-29 09:00:00,421,Raum 421,2013-08-29,Donnerstag,9,False,323.4,22.73,60.8,18.2,0.0,False,False
2013-08-29 10:00:00,421,Raum 421,2013-08-29,Donnerstag,10,False,322.4,22.63,60.8,18.3,0.0,False,False
2013-08-29 11:00:00,421,Raum 421,2013-08-29,Donnerstag,11,False,324.0,22.55,60.8,18.2,0.0,False,False
2013-08-29 12:00:00,421,Raum 421,2013-08-29,Donnerstag,12,False,323.3,22.48,60.9,18.2,0.0,False,False
2013-08-29 13:00:00,421,Raum 421,2013-08-29,Donnerstag,13,False,325.1,22.43,61.2,20.3,0.0,False,False
2013-08-29 14:00:00,421,Raum 421,2013-08-29,Donnerstag,14,False,326.4,22.4,61.5,40.8,0.0,False,False
2013-08-29 15:00:00,421,Raum 421,2013-08-29,Donnerstag,15,False,334.8,22.43,61.7,86.6,0.0,False,False
2013-08-29 16:00:00,421,Raum 421,2013-08-29,Donnerstag,16,False,376.9,22.62,61.5,150.7,0.0,False,False
2013-08-29 17:00:00,421,Raum 421,2013-08-29,Donnerstag,17,False,430.0,23.07,60.8,210.7,0.0,False,False
2013-08-29 18:00:00,421,Raum 421,2013-08-29,Donnerstag,18,False,396.3,23.12,60.3,218.5,0.0,False,False
2013-08-29 19:00:00,421,Raum 421,2013-08-29,Donnerstag,19,False,412.7,23.07,60.2,201.9,0.0,False,False
2013-08-29 20:00:00,421,Raum 421,2013-08-29,Donnerstag,20,False,407.3,23.04,60.7,204.8,0.0,False,False
2013-08-29 21:00:00,421,Raum 421,2013-08-29,Donnerstag,21,False,633.3,23.46,60.7,194.6,0.0,False,False
2013-08-29 22:00:00,421,Raum 421,2013-08-29,Donnerstag,22,False,488.0,23.5,60.1,186.9,0.0,False,False
2013-08-29 23:00:00,421,Raum 421,2013-08-29,Donnerstag,23,False,423.3,23.28,59.7,185.1,0.0,False,False
2013-08-30 00:00:00,421,Raum 421,2013-08-30,Freitag,0,False,425.8,23.3,59.2,167.8,0.0,False,False
2013-08-30 01:00:00,421,Raum 421,2013-08-30,Freitag,1,False,408.5,23.42,58.8,167.2,0.0,False,False
2013-08-30 02:00:00,421,Raum 421,2013-08-30,Freitag,2,False,371.5,23.47,58.5,71.7,0.0,False,False
2013-08-30 03:00:00,421,Raum 421,2013-08-30,Freitag,3,False,341.7,23.08,60.1,18.2,0.0,False,False
2013-08-30 04:00:00,421,Raum 421,2013-08-30,Freitag,4,False,345.9,22.91,60.7,18.1,0.0,False,False
2013-08-30 05:00:00,421,Raum 421,2013-08-30,Freitag,5,False,343.4,22.95,60.7,18.1,0.0,False,False
2013-08-30 06:00:00,421,Raum 421,2013-08-30,Freitag,6,False,344.1,22.9,60.8,18.1,0.0,False,False
2013-08-30 07:00:00,421,Raum 421,2013-08-30,Freitag,7,False,353.6,22.83,60.8,18.0,0.0,False,False
2013-08-30 08:00:00,421,Raum 421,2013-08-30,Freitag,8,False,347.3,22.74,61.1,18.0,0.0,False,False
2013-08-30 09:00:00,421,Raum 421,2013-08-30,Freitag,9,False,340.9,22.66,61.5,18.0,0.0,False,False
2013-08-30 10:00:00,421,Raum 421,2013-08-30,Freitag,10,False,341.6,22.58,61.8,18.1,0.0,False,False
2013-08-30 11:00:00,421,Raum 421,2013-08-30,Freitag,11,False,343.0,22.51,62.0,18.0,0.0,False,False
2013-08-30 12:00:00,421,Raum 421,2013-08-30,Freitag,12,False,343.8,22.44,61.9,18.1,0.0,False,False
2013-08-30 13:00:00,421,Raum 421,2013-08-30,Freitag,13,False,343.5,22.38,61.9,21.0,0.0,False,False
2013-08-30 14:00:00,421,Raum 421,2013-08-30,Freitag,14,False,345.3,22.35,62.2,67.0,0.0,False,False
2013-08-30 15:00:00,421,Raum 421,2013-08-30,Freitag,15,False,351.3,22.42,62.5,117.0,0.0,False,False
2013-08-30 16:00:00,421,Raum 421,2013-08-30,Freitag,16,False,464.0,22.62,62.5,149.3,0.0,False,False
2013-08-30 17:00:00,421,Raum 421,2013-08-30,Freitag,17,False,636.0,22.86,62.4,179.0,0.0,False,False
2013-08-30 18:00:00,421,Raum 421,2013-08-30,Freitag,18,False,607.2,23.09,62.4,197.0,0.0,False,False
2013-08-30 19:00:00,421,Raum 421,2013-08-30,Freitag,19,False,463.9,23.02,61.5,201.6,0.0,False,False
2013-08-30 20:00:00,421,Raum 421,2013-08-30,Freitag,20,False,420.6,23.07,60.7,203.6,0.0,False,False
2013-08-30 21:00:00,421,Raum 421,2013-08-30,Freitag,21,False,413.9,23.22,59.8,198.6,0.0,False,False
2013-08-30 22:00:00,421,Raum 421,2013-08-30,Freitag,22,False,401.0,23.32,59.0,187.2,0.0,False,False
2013-08-30 23:00:00,421,Raum 421,2013-08-30,Freitag,23,False,408.8,23.34,58.6,184.6,0.0,False,False
2013-08-31 00:00:00,421,Raum 421,2013-08-31,Samstag,0,True,393.3,23.45,58.0,166.1,0.0,False,False
2013-08-31 01:00:00,421,Raum 421,2013-08-31,Samstag,1,True,372.7,23.52,57.5,163.4,0.0,False,False
2013-08-31 02:00:00,421,Raum 421,2013-08-31,Samstag,2,True,361.3,23.47,57.3,66.8,0.0,False,False
2013-08-31 03:00:00,421,Raum 421,2013-08-31,Samstag,3,True,347.3,23.13,58.1,18.1,0.0,False,False
2013-08-31 04:00:00,421,Raum 421,2013-08-31,Samstag,4,True,348.2,22.93,58.8,18.1,0.0,False,False
2013-08-31 05:00:00,421,Raum 421,2013-08-31,Samstag,5,True,353.6,22.94,58.9,17.8,0.0,False,False
2013-08-31 06:00:00,421,Raum 421,2013-08-31,Samstag,6,True,353.5,22.88,58.9,18.0,0.0,False,False
2013-08-31 07:00:00,421,Raum 421,2013-08-31,Samstag,7,True,355.8,22.78,59.1,18.1,0.0,False,False
2013-08-31 08:00:00,421,Raum 421,2013-08-31,Samstag,8,True,353.8,22.68,59.3,18.0,0.0,False,False
2013-08-31 09:00:00,421,Raum 421,2013-08-31,Samstag,9,True,350.0,22.57,59.4,18.0,0.0,False,False
2013-08-31 10:00:00,421,Raum 421,2013-08-31,Samstag,10,True,342.2,22.44,59.3,18.0,0.0,False,False
2013-08-31 11:00:00,421,Raum 421,2013-08-31,Samstag,11,True,339.6,22.31,59.1,18.0,0.0,False,False
2013-08-31 12:00:00,421,Raum 421,2013-08-31,Samstag,12,True,339.2,22.17,59.1,18.0,0.0,False,False
2013-08-31 13:00:00,421,Raum 421,2013-08-31,Samstag,13,True,335.9,22.06,59.4,20.5,0.0,False,False
2013-08-31 14:00:00,421,Raum 421,2013-08-31,Samstag,14,True,342.4,22.03,59.7,57.3,0.0,False,False
2013-08-31 15:00:00,421,Raum 421,2013-08-31,Samstag,15,True,339.3,22.06,59.5,107.3,0.0,False,False
2013-08-31 16:00:00,421,Raum 421,2013-08-31,Samstag,16,True,332.7,22.12,59.1,153.6,0.0,False,False
2013-08-31 17:00:00,421,Raum 421,2013-08-31,Samstag,17,True,331.8,22.17,59.0,184.5,0.0,False,False
2013-08-31 18:00:00,421,Raum 421,2013-08-31,Samstag,18,True,332.6,22.21,59.2,195.8,0.0,False,False
2013-08-23 23:00:00,442,Raum 442,2013-08-23,Freitag,23,False,513.0,24.14,49.0,5.7,0.0,False,False
2013-08-24 00:00:00,442,Raum 442,2013-08-24,Samstag,0,True,512.8,24.21,48.9,5.1,0.0,False,False
2013-08-24 01:00:00,442,Raum 442,2013-08-24,Samstag,1,True,476.0,24.24,48.7,5.7,0.0,False,False
2013-08-24 02:00:00,442,Raum 442,2013-08-24,Samstag,2,True,454.6,24.24,48.7,7.0,0.0,False,False
2013-08-24 03:00:00,442,Raum 442,2013-08-24,Samstag,3,True,447.7,24.21,48.8,3.5,0.0,False,False
2013-08-24 04:00:00,442,Raum 442,2013-08-24,Samstag,4,True,446.5,24.15,49.1,3.8,0.0,False,False
2013-08-24 05:00:00,442,Raum 442,2013-08-24,Samstag,5,True,446.4,24.09,49.1,3.9,0.0,False,False
2013-08-24 06:00:00,442,Raum 442,2013-08-24,Samstag,6,True,444.2,24.05,49.3,4.0,0.0,False,False
2013-08-24 07:00:00,442,Raum 442,2013-08-24,Samstag,7,True,443.5,24.02,49.5,4.0,0.0,False,False
2013-08-24 08:00:00,442,Raum 442,2013-08-24,Samstag,8,True,442.9,23.99,49.6,3.9,0.0,False,False
2013-08-24 09:00:00,442,Raum 442,2013-08-24,Samstag,9,True,441.2,23.97,49.5,4.0,0.0,False,False
2013-08-24 10:00:00,442,Raum 442,2013-08-24,Samstag,10,True,439.8,23.95,49.4,3.9,0.0,False,False
2013-08-24 11:00:00,442,Raum 442,2013-08-24,Samstag,11,True,440.1,23.94,49.5,4.1,0.0,False,False
2013-08-24 12:00:00,442,Raum 442,2013-08-24,Samstag,12,True,440.3,23.91,49.7,4.8,0.0,False,False
2013-08-24 13:00:00,442,Raum 442,2013-08-24,Samstag,13,True,442.5,23.9,49.9,4.5,0.0,False,False
2013-08-24 14:00:00,442,Raum 442,2013-08-24,Samstag,14,True,442.6,23.91,49.8,4.0,0.0,False,False
2013-08-24 15:00:00,442,Raum 442,2013-08-24,Samstag,15,True,442.6,23.91,49.8,4.1,0.0,False,False
2013-08-24 16:00:00,442,Raum 442,2013-08-24,Samstag,16,True,445.2,23.91,49.9,4.3,0.0,False,False
2013-08-24 17:00:00,442,Raum 442,2013-08-24,Samstag,17,True,448.6,23.92,50.0,4.4,0.0,False,False
2013-08-24 18:00:00,442,Raum 442,2013-08-24,Samstag,18,True,463.4,23.94,50.5,4.5,0.0,False,False
2013-08-24 19:00:00,442,Raum 442,2013-08-24,Samstag,19,True,466.7,23.93,50.9,4.6,0.0,False,False
2013-08-24 20:00:00,442,Raum 442,2013-08-24,Samstag,20,True,464.1,23.93,51.2,4.8,0.0,False,False
2013-08-24 21:00:00,442,Raum 442,2013-08-24,Samstag,21,True,469.8,23.92,51.4,5.1,0.0,False,False
2013-08-24 22:00:00,442,Raum 442,2013-08-24,Samstag,22,True,471.8,23.92,51.6,4.8,0.0,False,False
2013-08-24 23:00:00,442,Raum 442,2013-08-24,Samstag,23,True,466.7,23.93,51.8,5.2,0.0,False,False
2013-08-25 00:00:00,442,Raum 442,2013-08-25,Sonntag,0,True,453.6,23.97,52.2,5.4,0.0,False,False
2013-08-25 01:00:00,442,Raum 442,2013-08-25,Sonntag,1,True,450.2,24.02,52.5,5.9,0.0,False,False
2013-08-25 02:00:00,442,Raum 442,2013-08-25,Sonntag,2,True,445.7,24.05,52.8,6.1,0.0,False,False
2013-08-25 03:00:00,442,Raum 442,2013-08-25,Sonntag,3,True,444.3,24.08,53.0,4.0,0.0,False,False
2013-08-25 04:00:00,442,Raum 442,2013-08-25,Sonntag,4,True,447.0,24.07,53.3,4.0,0.0,False,False
2013-08-25 05:00:00,442,Raum 442,2013-08-25,Sonntag,5,True,450.0,24.05,53.4,4.1,0.0,False,False
2013-08-25 06:00:00,442,Raum 442,2013-08-25,Sonntag,6,True,451.2,24.02,53.5,4.0,0.0,False,False
2013-08-25 07:00:00,442,Raum 442,2013-08-25,Sonntag,7,True,452.3,24.0,53.8,4.0,0.0,False,False
2013-08-25 08:00:00,442,Raum 442,2013-08-25,Sonntag,8,True,449.5,23.98,54.8,4.0,0.0,False,False
2013-08-25 09:00:00,442,Raum 442,2013-08-25,Sonntag,9,True,449.2,23.98,55.5,4.0,0.0,False,False
2013-08-25 10:00:00,442,Raum 442,2013-08-25,Sonntag,10,True,451.2,23.97,55.8,3.9,0.0,False,False
2013-08-25 11:00:00,442,Raum 442,2013-08-25,Sonntag,11,True,446.2,23.94,56.1,3.9,0.0,False,False
2013-08-25 12:00:00,442,Raum 442,2013-08-25,Sonntag,12,True,447.0,23.92,56.4,3.9,0.0,False,False
2013-08-25 13:00:00,442,Raum 442,2013-08-25,Sonntag,13,True,448.2,23.9,56.8,4.0,0.0,False,False
2013-08-25 14:00:00,442,Raum 442,2013-08-25,Sonntag,14,True,446.0,23.87,57.1,4.0,0.0,False,False
2013-08-25 15:00:00,442,Raum 442,2013-08-25,Sonntag,15,True,444.5,23.88,57.4,4.0,0.0,False,False
2013-08-25 16:00:00,442,Raum 442,2013-08-25,Sonntag,16,True,445.5,23.88,57.5,4.2,0.0,False,False
2013-08-25 17:00:00,442,Raum 442,2013-08-25,Sonntag,17,True,446.5,23.87,57.4,4.4,0.0,False,False
2013-08-25 18:00:00,442,Raum 442,2013-08-25,Sonntag,18,True,448.5,23.84,57.1,4.4,0.0,False,False
2013-08-25 19:00:00,442,Raum 442,2013-08-25,Sonntag,19,True,452.6,23.83,56.9,4.7,0.0,False,False
2013-08-25 20:00:00,442,Raum 442,2013-08-25,Sonntag,20,True,450.1,23.81,56.8,4.7,0.0,False,False
2013-08-25 21:00:00,442,Raum 442,2013-08-25,Sonntag,21,True,447.8,23.8,56.8,4.8,0.0,False,False
2013-08-25 22:00:00,442,Raum 442,2013-08-25,Sonntag,22,True,447.0,23.8,56.9,5.3,0.0,False,False
2013-08-25 23:00:00,442,Raum 442,2013-08-25,Sonntag,23,True,446.7,23.8,56.8,5.2,0.0,False,False
2013-08-26 00:00:00,442,Raum 442,2013-08-26,Montag,0,False,444.7,23.83,56.9,5.3,0.0,False,False
2013-08-26 01:00:00,442,Raum 442,2013-08-26,Montag,1,False,440.3,23.85,56.4,5.6,0.0,False,False
2013-08-26 02:00:00,442,Raum 442,2013-08-26,Montag,2,False,441.4,23.88,56.2,5.0,0.0,False,False
2013-08-26 03:00:00,442,Raum 442,2013-08-26,Montag,3,False,441.7,23.92,56.2,3.9,0.0,False,False
2013-08-26 04:00:00,442,Raum 442,2013-08-26,Montag,4,False,440.3,23.93,55.9,3.9,0.0,False,False
2013-08-26 05:00:00,442,Raum 442,2013-08-26,Montag,5,False,440.0,23.92,55.6,4.0,0.0,False,False
2013-08-26 06:00:00,442,Raum 442,2013-08-26,Montag,6,False,438.6,23.91,55.1,3.9,0.0,False,False
2013-08-26 07:00:00,442,Raum 442,2013-08-26,Montag,7,False,436.3,23.88,54.5,3.8,0.0,False,False
2013-08-26 08:00:00,442,Raum 442,2013-08-26,Montag,8,False,436.8,23.83,54.3,3.9,0.0,False,False
2013-08-26 09:00:00,442,Raum 442,2013-08-26,Montag,9,False,438.5,23.8,54.1,3.9,0.0,False,False
2013-08-26 10:00:00,442,Raum 442,2013-08-26,Montag,10,False,435.3,23.77,54.1,3.9,0.0,False,False
2013-08-26 11:00:00,442,Raum 442,2013-08-26,Montag,11,False,437.4,23.74,53.9,3.8,0.0,False,False
2013-08-26 12:00:00,442,Raum 442,2013-08-26,Montag,12,False,437.4,23.71,54.0,4.0,0.0,False,False
2013-08-26 13:00:00,442,Raum 442,2013-08-26,Montag,13,False,438.5,23.7,54.6,3.8,0.0,False,False
2013-08-26 14:00:00,442,Raum 442,2013-08-26,Montag,14,False,441.5,23.69,54.7,3.9,0.0,False,False
2013-08-26 15:00:00,442,Raum 442,2013-08-26,Montag,15,False,443.1,23.69,53.8,4.4,0.0,False,False
2013-08-26 16:00:00,442,Raum 442,2013-08-26,Montag,16,False,452.0,23.66,53.6,5.0,0.0,False,False
2013-08-26 17:00:00,442,Raum 442,2013-08-26,Montag,17,False,456.3,23.67,53.3,5.1,0.0,False,False
2013-08-26 18:00:00,442,Raum 442,2013-08-26,Montag,18,False,458.0,23.75,53.0,5.4,0.0,False,False
2013-08-26 19:00:00,442,Raum 442,2013-08-26,Montag,19,False,489.4,23.89,53.1,5.3,0.0,False,False
2013-08-26 20:00:00,442,Raum 442,2013-08-26,Montag,20,False,541.3,24.03,53.3,20.7,1.6,False,False
2013-08-26 21:00:00,442,Raum 442,2013-08-26,Montag,21,False,550.8,24.13,53.0,5.6,0.0,False,False
2013-08-26 22:00:00,442,Raum 442,2013-08-26,Montag,22,False,653.5,24.27,52.7,29.0,10.2,False,False
2013-08-26 23:00:00,442,Raum 442,2013-08-26,Montag,23,False,903.5,24.81,52.0,51.8,17.9,True,False
2013-08-27 00:00:00,442,Raum 442,2013-08-27,Dienstag,0,False,921.8,25.15,51.2,51.7,22.6,True,False
2013-08-27 01:00:00,442,Raum 442,2013-08-27,Dienstag,1,False,728.3,25.19,50.6,26.1,4.9,False,False
2013-08-27 02:00:00,442,Raum 442,2013-08-27,Dienstag,2,False,504.8,24.85,50.3,5.1,0.0,False,False
2013-08-27 03:00:00,442,Raum 442,2013-08-27,Dienstag,3,False,457.6,24.62,50.7,3.9,0.0,False,False
2013-08-27 04:00:00,442,Raum 442,2013-08-27,Dienstag,4,False,454.0,24.44,50.2,3.2,0.0,False,False
2013-08-27 05:00:00,442,Raum 442,2013-08-27,Dienstag,5,False,458.6,24.29,49.8,3.5,0.0,False,False
2013-08-27 06:00:00,442,Raum 442,2013-08-27,Dienstag,6,False,456.2,24.19,49.7,3.8,0.0,False,False
2013-08-27 07:00:00,442,Raum 442,2013-08-27,Dienstag,7,False,454.0,24.13,49.9,4.0,0.0,False,False
2013-08-27 08:00:00,442,Raum 442,2013-08-27,Dienstag,8,False,447.2,24.1,50.6,3.9,0.0,False,False
2013-08-27 09:00:00,442,Raum 442,2013-08-27,Dienstag,9,False,442.1,24.07,51.0,4.0,0.0,False,False
2013-08-27 10:00:00,442,Raum 442,2013-08-27,Dienstag,10,False,439.0,24.01,49.7,4.0,0.0,False,False
2013-08-27 11:00:00,442,Raum 442,2013-08-27,Dienstag,11,False,440.1,23.94,47.8,3.9,0.0,False,False
2013-08-27 12:00:00,442,Raum 442,2013-08-27,Dienstag,12,False,442.2,23.87,47.4,3.9,0.0,False,False
2013-08-27 13:00:00,442,Raum 442,2013-08-27,Dienstag,13,False,445.0,23.84,48.2,4.0,0.0,False,False
2013-08-27 14:00:00,442,Raum 442,2013-08-27,Dienstag,14,False,449.1,23.85,49.5,4.0,0.0,False,False
2013-08-27 15:00:00,442,Raum 442,2013-08-27,Dienstag,15,False,452.0,23.91,50.3,4.6,0.0,False,False
2013-08-27 16:00:00,442,Raum 442,2013-08-27,Dienstag,16,False,463.0,23.96,50.9,5.0,0.0,False,False
2013-08-27 17:00:00,442,Raum 442,2013-08-27,Dienstag,17,False,466.0,24.07,51.4,5.1,0.0,False,False
2013-08-27 18:00:00,442,Raum 442,2013-08-27,Dienstag,18,False,467.3,24.12,51.5,5.1,0.0,False,False
2013-08-27 23:00:00,442,Raum 442,2013-08-27,Dienstag,23,False,559.4,24.48,52.2,5.0,0.0,False,False
2013-08-28 00:00:00,442,Raum 442,2013-08-28,Mittwoch,0,False,539.9,24.47,52.5,4.4,0.0,False,False
2013-08-28 01:00:00,442,Raum 442,2013-08-28,Mittwoch,1,False,499.8,24.43,52.7,4.7,0.0,False,False
2013-08-28 02:00:00,442,Raum 442,2013-08-28,Mittwoch,2,False,451.1,24.34,53.1,4.5,0.0,False,False
2013-08-28 03:00:00,442,Raum 442,2013-08-28,Mittwoch,3,False,441.1,24.22,53.8,4.0,0.0,False,False
2013-08-28 04:00:00,442,Raum 442,2013-08-28,Mittwoch,4,False,441.9,24.11,54.5,3.9,0.0,False,False
2013-08-28 05:00:00,442,Raum 442,2013-08-28,Mittwoch,5,False,445.5,24.03,54.8,4.0,0.0,False,False
2013-08-28 06:00:00,442,Raum 442,2013-08-28,Mittwoch,6,False,448.6,23.96,54.8,4.0,0.0,False,False
2013-08-28 07:00:00,442,Raum 442,2013-08-28,Mittwoch,7,False,441.7,23.87,54.9,4.0,0.0,False,False
2013-08-28 08:00:00,442,Raum 442,2013-08-28,Mittwoch,8,False,438.8,23.8,54.9,3.9,0.0,False,False
2013-08-28 09:00:00,442,Raum 442,2013-08-28,Mittwoch,9,False,437.4,23.73,54.9,4.0,0.0,False,False
2013-08-28 10:00:00,442,Raum 442,2013-08-28,Mittwoch,10,False,435.3,23.68,55.1,3.9,0.0,False,False
2013-08-28 11:00:00,442,Raum 442,2013-08-28,Mittwoch,11,False,434.2,23.64,55.2,4.0,0.0,False,False
2013-08-28 12:00:00,442,Raum 442,2013-08-28,Mittwoch,12,False,436.8,23.59,55.2,3.9,0.0,False,False
2013-08-28 13:00:00,442,Raum 442,2013-08-28,Mittwoch,13,False,440.1,23.58,55.2,19.2,1.5,False,False
2013-08-28 14:00:00,442,Raum 442,2013-08-28,Mittwoch,14,False,437.1,23.54,55.4,4.0,0.0,False,False
2013-08-28 15:00:00,442,Raum 442,2013-08-28,Mittwoch,15,False,440.7,23.54,55.5,4.6,0.0,False,False
2013-08-28 16:00:00,442,Raum 442,2013-08-28,Mittwoch,16,False,446.3,23.52,55.6,4.9,0.0,False,False
2013-08-28 17:00:00,442,Raum 442,2013-08-28,Mittwoch,17,False,463.8,23.53,55.8,5.0,0.0,False,False
2013-08-28 18:00:00,442,Raum 442,2013-08-28,Mittwoch,18,False,519.0,23.62,55.9,5.4,0.0,False,False
2013-08-28 19:00:00,442,Raum 442,2013-08-28,Mittwoch,19,False,657.6,23.9,56.0,43.2,15.4,False,False
2013-08-28 20:00:00,442,Raum 442,2013-08-28,Mittwoch,20,False,729.5,24.4,55.5,50.0,15.2,False,False
2013-08-28 21:00:00,442,Raum 442,2013-08-28,Mittwoch,21,False,628.4,24.37,55.0,16.3,7.5,False,False
2013-08-28 22:00:00,442,Raum 442,2013-08-28,Mittwoch,22,False,993.0,24.82,56.1,44.1,29.7,True,False
2013-08-28 23:00:00,442,Raum 442,2013-08-28,Mittwoch,23,False,806.0,25.0,55.4,35.3,18.0,True,False
2013-08-29 00:00:00,442,Raum 442,2013-08-29,Donnerstag,0,False,558.2,24.61,54.7,5.1,0.0,False,False
2013-08-29 01:00:00,442,Raum 442,2013-08-29,Donnerstag,1,False,500.9,24.44,55.0,4.7,0.0,False,False
2013-08-29 02:00:00,442,Raum 442,2013-08-29,Donnerstag,2,False,450.3,24.29,55.6,3.8,0.0,False,False
2013-08-29 03:00:00,442,Raum 442,2013-08-29,Donnerstag,3,False,445.6,24.15,56.4,3.9,0.0,False,False
2013-08-29 04:00:00,442,Raum 442,2013-08-29,Donnerstag,4,False,444.9,24.03,56.8,4.0,0.0,False,False
2013-08-29 05:00:00,442,Raum 442,2013-08-29,Donnerstag,5,False,444.4,23.95,57.3,4.0,0.0,False,False
2013-08-29 06:00:00,442,Raum 442,2013-08-29,Donnerstag,6,False,502.3,23.96,57.6,21.8,6.6,False,False
2013-08-29 07:00:00,442,Raum 442,2013-08-29,Donnerstag,7,False,448.1,23.89,57.7,3.9,0.0,False,False
2013-08-29 08:00:00,442,Raum 442,2013-08-29,Donnerstag,8,False,440.0,23.79,57.8,4.0,0.0,False,False
2013-08-29 09:00:00,442,Raum 442,2013-08-29,Donnerstag,9,False,437.3,23.72,57.7,4.0,0.0,False,False
2013-08-29 10:00:00,442,Raum 442,2013-08-29,Donnerstag,10,False,434.2,23.66,57.6,3.9,0.0,False,False
2013-08-29 11:00:00,442,Raum 442,2013-08-29,Donnerstag,11,False,435.0,23.59,57.5,4.0,0.0,False,False
2013-08-29 12:00:00,442,Raum 442,2013-08-29,Donnerstag,12,False,435.7,23.53,57.6,4.0,0.0,False,False
2013-08-29 13:00:00,442,Raum 442,2013-08-29,Donnerstag,13,False,432.2,23.5,57.9,4.0,0.0,False,False
2013-08-29 14:00:00,442,Raum 442,2013-08-29,Donnerstag,14,False,437.1,23.46,58.2,4.5,0.0,False,False
2013-08-29 15:00:00,442,Raum 442,2013-08-29,Donnerstag,15,False,441.3,23.48,58.4,4.7,0.0,False,False
2013-08-29 16:00:00,442,Raum 442,2013-08-29,Donnerstag,16,False,451.9,23.53,58.4,4.8,0.0,False,False
2013-08-29 17:00:00,442,Raum 442,2013-08-29,Donnerstag,17,False,456.5,23.63,58.3,4.8,0.0,False,False
2013-08-29 18:00:00,442,Raum 442,2013-08-29,Donnerstag,18,False,490.3,23.7,58.0,5.6,0.0,False,False
2013-08-29 19:00:00,442,Raum 442,2013-08-29,Donnerstag,19,False,539.1,23.7,57.7,5.5,0.0,False,False
2013-08-29 20:00:00,442,Raum 442,2013-08-29,Donnerstag,20,False,553.9,23.67,57.7,5.5,0.0,False,False
2013-08-29 21:00:00,442,Raum 442,2013-08-29,Donnerstag,21,False,563.2,23.66,57.6,5.6,0.0,False,False
2013-08-29 22:00:00,442,Raum 442,2013-08-29,Donnerstag,22,False,564.6,23.76,57.3,5.7,0.0,False,False
2013-08-29 23:00:00,442,Raum 442,2013-08-29,Donnerstag,23,False,560.2,23.9,56.9,5.8,0.0,False,False
2013-08-30 00:00:00,442,Raum 442,2013-08-30,Freitag,0,False,540.0,24.02,56.6,4.9,0.0,False,False
2013-08-30 01:00:00,442,Raum 442,2013-08-30,Freitag,1,False,517.7,24.09,56.4,5.1,0.0,False,False
2013-08-30 02:00:00,442,Raum 442,2013-08-30,Freitag,2,False,484.7,24.13,56.3,4.9,0.0,False,False
2013-08-30 03:00:00,442,Raum 442,2013-08-30,Freitag,3,False,453.5,24.08,56.9,4.0,0.0,False,False
2013-08-30 04:00:00,442,Raum 442,2013-08-30,Freitag,4,False,458.1,23.96,57.3,4.0,0.0,False,False
2013-08-30 05:00:00,442,Raum 442,2013-08-30,Freitag,5,False,456.1,23.87,57.5,4.0,0.0,False,False
2013-08-30 06:00:00,442,Raum 442,2013-08-30,Freitag,6,False,458.4,23.82,57.7,4.0,0.0,False,False
2013-08-30 07:00:00,442,Raum 442,2013-08-30,Freitag,7,False,465.6,23.75,57.8,4.0,0.0,False,False
2013-08-30 08:00:00,442,Raum 442,2013-08-30,Freitag,8,False,458.1,23.7,58.1,4.1,0.0,False,False
2013-08-30 09:00:00,442,Raum 442,2013-08-30,Freitag,9,False,450.3,23.64,58.5,4.1,0.0,False,False
2013-08-30 10:00:00,442,Raum 442,2013-08-30,Freitag,10,False,452.1,23.61,58.6,4.1,0.0,False,False
2013-08-30 11:00:00,442,Raum 442,2013-08-30,Freitag,11,False,453.3,23.56,58.8,4.1,0.0,False,False
2013-08-30 12:00:00,442,Raum 442,2013-08-30,Freitag,12,False,454.1,23.52,58.6,4.0,0.0,False,False
2013-08-30 13:00:00,442,Raum 442,2013-08-30,Freitag,13,False,454.0,23.47,58.6,4.0,0.0,False,False
2013-08-30 14:00:00,442,Raum 442,2013-08-30,Freitag,14,False,452.5,23.45,58.9,4.8,0.0,False,False
2013-08-30 15:00:00,442,Raum 442,2013-08-30,Freitag,15,False,457.9,23.49,59.2,4.6,0.0,False,False
2013-08-30 16:00:00,442,Raum 442,2013-08-30,Freitag,16,False,479.0,23.5,59.2,5.1,0.0,False,False
2013-08-30 17:00:00,442,Raum 442,2013-08-30,Freitag,17,False,534.2,23.51,58.7,5.2,0.0,False,False
2013-08-30 18:00:00,442,Raum 442,2013-08-30,Freitag,18,False,565.1,23.62,58.2,5.3,0.0,False,False
2013-08-30 19:00:00,442,Raum 442,2013-08-30,Freitag,19,False,567.7,23.69,57.8,5.5,0.0,False,False
2013-08-30 20:00:00,442,Raum 442,2013-08-30,Freitag,20,False,563.8,23.74,57.4,5.6,0.0,False,False
2013-08-30 21:00:00,442,Raum 442,2013-08-30,Freitag,21,False,558.9,23.79,57.0,5.8,0.0,False,False
2013-08-30 22:00:00,442,Raum 442,2013-08-30,Freitag,22,False,544.4,23.78,56.7,5.8,0.0,False,False
2013-08-30 23:00:00,442,Raum 442,2013-08-30,Freitag,23,False,524.6,23.77,56.7,6.0,0.0,False,False
2013-08-31 00:00:00,442,Raum 442,2013-08-31,Samstag,0,True,504.2,23.77,56.6,5.7,0.0,False,False
2013-08-31 01:00:00,442,Raum 442,2013-08-31,Samstag,1,True,485.3,23.76,56.4,5.9,0.0,False,False
2013-08-31 02:00:00,442,Raum 442,2013-08-31,Samstag,2,True,471.8,23.78,56.3,4.9,0.0,False,False
2013-08-31 03:00:00,442,Raum 442,2013-08-31,Samstag,3,True,461.2,23.81,56.2,4.1,0.0,False,False
2013-08-31 04:00:00,442,Raum 442,2013-08-31,Samstag,4,True,460.8,23.74,56.3,4.1,0.0,False,False
2013-08-31 05:00:00,442,Raum 442,2013-08-31,Samstag,5,True,465.8,23.69,56.5,4.3,0.0,False,False
2013-08-31 06:00:00,442,Raum 442,2013-08-31,Samstag,6,True,466.4,23.66,56.4,4.3,0.0,False,False
2013-08-31 07:00:00,442,Raum 442,2013-08-31,Samstag,7,True,467.8,23.63,56.5,4.2,0.0,False,False
2013-08-31 08:00:00,442,Raum 442,2013-08-31,Samstag,8,True,464.8,23.59,56.5,4.1,0.0,False,False
2013-08-31 09:00:00,442,Raum 442,2013-08-31,Samstag,9,True,459.9,23.53,56.5,4.1,0.0,False,False
2013-08-31 10:00:00,442,Raum 442,2013-08-31,Samstag,10,True,451.7,23.5,56.1,4.1,0.0,False,False
2013-08-31 11:00:00,442,Raum 442,2013-08-31,Samstag,11,True,448.8,23.44,55.7,4.1,0.0,False,False
2013-08-31 12:00:00,442,Raum 442,2013-08-31,Samstag,12,True,449.3,23.37,55.5,4.0,0.0,False,False
2013-08-31 13:00:00,442,Raum 442,2013-08-31,Samstag,13,True,443.5,23.33,55.6,4.0,0.0,False,False
2013-08-31 14:00:00,442,Raum 442,2013-08-31,Samstag,14,True,451.0,23.33,55.9,4.1,0.0,False,False
2013-08-31 15:00:00,442,Raum 442,2013-08-31,Samstag,15,True,444.2,23.35,55.6,4.2,0.0,False,False
2013-08-31 16:00:00,442,Raum 442,2013-08-31,Samstag,16,True,438.6,23.32,55.4,4.3,0.0,False,False
2013-08-31 17:00:00,442,Raum 442,2013-08-31,Samstag,17,True,436.7,23.3,55.5,4.6,0.0,False,False
2013-08-31 18:00:00,442,Raum 442,2013-08-31,Samstag,18,True,439.1,23.29,55.8,4.5,0.0,False,False
2013-08-23 23:00:00,554,Raum 554,2013-08-23,Freitag,23,False,504.8,24.04,49.9,63.6,0.0,False,False
2013-08-24 00:00:00,554,Raum 554,2013-08-24,Samstag,0,True,493.9,23.9,50.2,63.6,1.3,False,False
2013-08-24 01:00:00,554,Raum 554,2013-08-24,Samstag,1,True,470.8,23.81,50.3,63.5,7.0,False,False
2013-08-24 02:00:00,554,Raum 554,2013-08-24,Samstag,2,True,438.7,23.74,50.5,62.8,0.9,False,False
2013-08-24 03:00:00,554,Raum 554,2013-08-24,Samstag,3,True,460.3,23.75,50.7,47.7,4.6,False,False
2013-08-24 04:00:00,554,Raum 554,2013-08-24,Samstag,4,True,439.8,23.64,50.9,4.6,0.4,False,False
2013-08-24 05:00:00,554,Raum 554,2013-08-24,Samstag,5,True,434.7,23.66,50.8,4.2,0.0,False,False
2013-08-24 06:00:00,554,Raum 554,2013-08-24,Samstag,6,True,430.9,23.66,50.8,4.0,0.0,False,False
2013-08-24 07:00:00,554,Raum 554,2013-08-24,Samstag,7,True,423.8,23.6,51.0,4.0,0.0,False,False
2013-08-24 08:00:00,554,Raum 554,2013-08-24,Samstag,8,True,423.7,23.54,51.1,4.0,0.0,False,False
2013-08-24 09:00:00,554,Raum 554,2013-08-24,Samstag,9,True,421.1,23.49,51.1,4.0,0.0,False,False
2013-08-24 10:00:00,554,Raum 554,2013-08-24,Samstag,10,True,421.5,23.43,51.0,4.0,0.0,False,False
2013-08-24 11:00:00,554,Raum 554,2013-08-24,Samstag,11,True,419.2,23.38,51.2,4.1,0.0,False,False
2013-08-24 12:00:00,554,Raum 554,2013-08-24,Samstag,12,True,418.9,23.32,51.5,4.0,0.0,False,False
2013-08-24 13:00:00,554,Raum 554,2013-08-24,Samstag,13,True,419.4,23.26,51.8,4.2,0.0,False,False
2013-08-24 14:00:00,554,Raum 554,2013-08-24,Samstag,14,True,434.5,23.25,52.0,4.6,0.0,False,False
2013-08-24 15:00:00,554,Raum 554,2013-08-24,Samstag,15,True,453.9,23.49,52.3,8.7,3.8,False,False
2013-08-24 16:00:00,554,Raum 554,2013-08-24,Samstag,16,True,453.2,23.67,54.5,6.2,0.0,False,False
2013-08-24 17:00:00,554,Raum 554,2013-08-24,Samstag,17,True,444.4,23.8,56.6,5.1,0.0,False,False
2013-08-24 18:00:00,554,Raum 554,2013-08-24,Samstag,18,True,445.9,23.84,57.9,4.6,0.0,False,False
2013-08-24 19:00:00,554,Raum 554,2013-08-24,Samstag,19,True,446.9,23.82,57.3,4.6,0.0,False,False
2013-08-24 20:00:00,554,Raum 554,2013-08-24,Samstag,20,True,445.3,23.73,58.1,4.6,0.0,False,False
2013-08-24 21:00:00,554,Raum 554,2013-08-24,Samstag,21,True,456.4,23.66,58.2,4.6,0.0,False,False
2013-08-24 22:00:00,554,Raum 554,2013-08-24,Samstag,22,True,459.0,23.63,57.4,4.4,0.0,False,False
2013-08-24 23:00:00,554,Raum 554,2013-08-24,Samstag,23,True,449.4,23.59,56.7,4.4,0.0,False,False
2013-08-25 00:00:00,554,Raum 554,2013-08-25,Sonntag,0,True,434.1,23.53,56.6,4.4,0.0,False,False
2013-08-25 01:00:00,554,Raum 554,2013-08-25,Sonntag,1,True,442.0,23.52,56.4,4.2,0.0,False,False
2013-08-25 02:00:00,554,Raum 554,2013-08-25,Sonntag,2,True,437.2,23.56,56.2,4.3,0.0,False,False
2013-08-25 03:00:00,554,Raum 554,2013-08-25,Sonntag,3,True,434.4,23.61,56.0,4.4,0.0,False,False
2013-08-25 04:00:00,554,Raum 554,2013-08-25,Sonntag,4,True,435.9,23.64,55.8,4.4,0.0,False,False
2013-08-25 05:00:00,554,Raum 554,2013-08-25,Sonntag,5,True,437.1,23.6,55.8,3.4,0.0,False,False
2013-08-25 06:00:00,554,Raum 554,2013-08-25,Sonntag,6,True,428.7,23.44,56.1,2.9,0.0,False,False
2013-08-25 07:00:00,554,Raum 554,2013-08-25,Sonntag,7,True,431.3,23.32,56.5,2.9,0.0,False,False
2013-08-25 08:00:00,554,Raum 554,2013-08-25,Sonntag,8,True,430.5,23.23,57.5,3.0,0.0,False,False
2013-08-25 09:00:00,554,Raum 554,2013-08-25,Sonntag,9,True,431.4,23.18,58.3,3.0,0.0,False,False
2013-08-25 10:00:00,554,Raum 554,2013-08-25,Sonntag,10,True,433.8,23.14,58.8,3.0,0.0,False,False
2013-08-25 11:00:00,554,Raum 554,2013-08-25,Sonntag,11,True,428.2,23.11,59.0,3.1,0.0,False,False
2013-08-25 12:00:00,554,Raum 554,2013-08-25,Sonntag,12,True,427.2,23.09,59.3,3.1,0.0,False,False
2013-08-25 13:00:00,554,Raum 554,2013-08-25,Sonntag,13,True,433.3,23.11,59.6,3.2,0.0,False,False
2013-08-25 14:00:00,554,Raum 554,2013-08-25,Sonntag,14,True,433.8,23.14,59.9,3.1,0.0,False,False
2013-08-25 15:00:00,554,Raum 554,2013-08-25,Sonntag,15,True,429.9,23.16,60.0,3.1,0.0,False,False
2013-08-25 16:00:00,554,Raum 554,2013-08-25,Sonntag,16,True,430.3,23.18,60.0,3.0,0.0,False,False
2013-08-25 17:00:00,554,Raum 554,2013-08-25,Sonntag,17,True,430.8,23.18,59.9,3.2,0.0,False,False
2013-08-25 18:00:00,554,Raum 554,2013-08-25,Sonntag,18,True,440.1,23.19,59.6,3.2,0.0,False,False
2013-08-25 19:00:00,554,Raum 554,2013-08-25,Sonntag,19,True,438.9,23.2,59.4,3.0,0.0,False,False
2013-08-25 20:00:00,554,Raum 554,2013-08-25,Sonntag,20,True,439.4,23.18,59.3,3.1,0.0,False,False
2013-08-25 21:00:00,554,Raum 554,2013-08-25,Sonntag,21,True,439.5,23.17,59.3,3.2,0.0,False,False
2013-08-25 22:00:00,554,Raum 554,2013-08-25,Sonntag,22,True,439.0,23.2,59.3,3.2,0.0,False,False
2013-08-25 23:00:00,554,Raum 554,2013-08-25,Sonntag,23,True,440.6,23.21,59.2,3.2,0.0,False,False
2013-08-26 00:00:00,554,Raum 554,2013-08-26,Montag,0,False,446.5,23.23,59.3,3.2,0.0,False,False
2013-08-26 01:00:00,554,Raum 554,2013-08-26,Montag,1,False,436.2,23.21,59.0,3.0,0.0,False,False
2013-08-26 02:00:00,554,Raum 554,2013-08-26,Montag,2,False,427.8,23.16,59.0,3.1,0.0,False,False
2013-08-26 03:00:00,554,Raum 554,2013-08-26,Montag,3,False,431.4,23.19,59.0,3.2,0.0,False,False
2013-08-26 04:00:00,554,Raum 554,2013-08-26,Montag,4,False,434.1,23.2,58.7,3.1,0.0,False,False
2013-08-26 05:00:00,554,Raum 554,2013-08-26,Montag,5,False,433.5,23.19,58.4,3.1,0.0,False,False
2013-08-26 06:00:00,554,Raum 554,2013-08-26,Montag,6,False,427.1,23.19,58.0,3.2,0.0,False,False
2013-08-26 07:00:00,554,Raum 554,2013-08-26,Montag,7,False,420.4,23.18,57.3,3.0,0.0,False,False
2013-08-26 08:00:00,554,Raum 554,2013-08-26,Montag,8,False,420.8,23.14,57.0,2.9,0.0,False,False
2013-08-26 09:00:00,554,Raum 554,2013-08-26,Montag,9,False,422.2,23.1,56.8,3.0,0.0,False,False
2013-08-26 10:00:00,554,Raum 554,2013-08-26,Montag,10,False,418.3,23.05,56.7,3.0,0.0,False,False
2013-08-26 11:00:00,554,Raum 554,2013-08-26,Montag,11,False,416.7,23.0,56.6,3.0,0.0,False,False
2013-08-26 12:00:00,554,Raum 554,2013-08-26,Montag,12,False,416.8,22.97,56.6,3.0,0.0,False,False
2013-08-26 13:00:00,554,Raum 554,2013-08-26,Montag,13,False,424.3,23.03,57.1,3.2,0.0,False,False
2013-08-26 14:00:00,554,Raum 554,2013-08-26,Montag,14,False,428.7,23.19,56.9,3.2,0.0,False,False
2013-08-26 15:00:00,554,Raum 554,2013-08-26,Montag,15,False,438.2,23.32,55.9,3.2,0.0,False,False
2013-08-26 16:00:00,554,Raum 554,2013-08-26,Montag,16,False,707.3,23.5,56.2,33.6,2.6,False,False
2013-08-26 17:00:00,554,Raum 554,2013-08-26,Montag,17,False,1060.2,24.08,56.3,66.3,11.3,False,True
2013-08-26 18:00:00,554,Raum 554,2013-08-26,Montag,18,False,505.8,23.82,54.3,67.2,0.1,False,False
2013-08-26 19:00:00,554,Raum 554,2013-08-26,Montag,19,False,487.7,23.62,54.6,67.2,0.0,False,False
2013-08-26 20:00:00,554,Raum 554,2013-08-26,Montag,20,False,548.8,23.59,55.3,67.1,5.8,False,False
2013-08-26 21:00:00,554,Raum 554,2013-08-26,Montag,21,False,575.0,23.58,55.4,66.1,10.3,False,False
2013-08-26 22:00:00,554,Raum 554,2013-08-26,Montag,22,False,859.6,24.07,55.4,24.5,19.8,True,False
2013-08-26 23:00:00,554,Raum 554,2013-08-26,Montag,23,False,878.9,24.35,54.2,23.9,22.8,True,False
2013-08-27 00:00:00,554,Raum 554,2013-08-27,Dienstag,0,False,753.3,24.28,53.5,18.1,17.9,False,False
2013-08-27 01:00:00,554,Raum 554,2013-08-27,Dienstag,1,False,550.0,23.8,54.0,5.8,0.0,False,False
2013-08-27 02:00:00,554,Raum 554,2013-08-27,Dienstag,2,False,490.3,23.7,54.0,5.0,0.0,False,False
2013-08-27 03:00:00,554,Raum 554,2013-08-27,Dienstag,3,False,450.6,23.63,54.1,5.2,0.0,False,False
2013-08-27 04:00:00,554,Raum 554,2013-08-27,Dienstag,4,False,437.5,23.52,53.8,5.2,0.0,False,False
2013-08-27 05:00:00,554,Raum 554,2013-08-27,Dienstag,5,False,439.1,23.44,53.3,5.2,0.0,False,False
2013-08-27 06:00:00,554,Raum 554,2013-08-27,Dienstag,6,False,439.4,23.37,53.0,5.2,0.0,False,False
2013-08-27 07:00:00,554,Raum 554,2013-08-27,Dienstag,7,False,437.6,23.32,53.0,5.1,0.0,False,False
2013-08-27 08:00:00,554,Raum 554,2013-08-27,Dienstag,8,False,431.5,23.28,53.4,4.8,0.0,False,False
2013-08-27 09:00:00,554,Raum 554,2013-08-27,Dienstag,9,False,425.0,23.25,53.7,4.9,0.0,False,False
2013-08-27 10:00:00,554,Raum 554,2013-08-27,Dienstag,10,False,421.8,23.19,53.0,4.9,0.0,False,False
2013-08-27 11:00:00,554,Raum 554,2013-08-27,Dienstag,11,False,421.9,23.12,51.5,4.9,0.0,False,False
2013-08-27 12:00:00,554,Raum 554,2013-08-27,Dienstag,12,False,423.1,23.08,50.8,4.9,0.0,False,False
2013-08-27 13:00:00,554,Raum 554,2013-08-27,Dienstag,13,False,430.2,23.14,50.9,3.2,0.0,False,False
2013-08-27 14:00:00,554,Raum 554,2013-08-27,Dienstag,14,False,429.8,23.25,51.6,3.2,0.0,False,False
2013-08-27 15:00:00,554,Raum 554,2013-08-27,Dienstag,15,False,430.9,23.32,52.2,3.2,0.0,False,False
2013-08-27 16:00:00,554,Raum 554,2013-08-27,Dienstag,16,False,440.6,23.34,52.7,3.2,0.0,False,False
2013-08-27 17:00:00,554,Raum 554,2013-08-27,Dienstag,17,False,458.9,23.37,53.2,3.2,0.0,False,False
2013-08-27 18:00:00,554,Raum 554,2013-08-27,Dienstag,18,False,543.7,23.39,53.8,56.0,16.7,False,False
2013-08-27 23:00:00,554,Raum 554,2013-08-27,Dienstag,23,False,556.7,23.57,55.5,3.6,0.0,False,False
2013-08-28 00:00:00,554,Raum 554,2013-08-28,Mittwoch,0,False,533.0,23.4,56.2,3.6,0.0,False,False
2013-08-28 01:00:00,554,Raum 554,2013-08-28,Mittwoch,1,False,496.4,23.24,56.8,8.3,5.0,False,False
2013-08-28 02:00:00,554,Raum 554,2013-08-28,Mittwoch,2,False,469.2,23.17,57.4,35.0,1.8,False,False
2013-08-28 03:00:00,554,Raum 554,2013-08-28,Mittwoch,3,False,425.3,22.99,58.3,36.2,0.0,False,False
2013-08-28 04:00:00,554,Raum 554,2013-08-28,Mittwoch,4,False,448.4,22.98,59.0,36.2,1.6,False,False
2013-08-28 05:00:00,554,Raum 554,2013-08-28,Mittwoch,5,False,452.3,23.05,58.8,12.7,3.5,False,False
2013-08-28 06:00:00,554,Raum 554,2013-08-28,Mittwoch,6,False,428.2,22.95,58.7,3.6,0.0,False,False
2013-08-28 07:00:00,554,Raum 554,2013-08-28,Mittwoch,7,False,422.8,22.89,58.6,3.4,0.0,False,False
2013-08-28 08:00:00,554,Raum 554,2013-08-28,Mittwoch,8,False,419.0,22.81,58.6,3.3,0.0,False,False
2013-08-28 09:00:00,554,Raum 554,2013-08-28,Mittwoch,9,False,417.3,22.73,58.6,3.3,0.0,False,False
2013-08-28 10:00:00,554,Raum 554,2013-08-28,Mittwoch,10,False,416.3,22.68,58.8,3.3,0.0,False,False
2013-08-28 11:00:00,554,Raum 554,2013-08-28,Mittwoch,11,False,417.4,22.62,58.9,3.3,0.0,False,False
2013-08-28 12:00:00,554,Raum 554,2013-08-28,Mittwoch,12,False,419.6,22.58,58.9,3.4,1.5,False,False
2013-08-28 13:00:00,554,Raum 554,2013-08-28,Mittwoch,13,False,423.4,22.6,58.9,3.7,0.0,False,False
2013-08-28 14:00:00,554,Raum 554,2013-08-28,Mittwoch,14,False,422.8,22.64,58.9,3.6,0.0,False,False
2013-08-28 15:00:00,554,Raum 554,2013-08-28,Mittwoch,15,False,428.3,22.65,58.9,3.7,0.0,False,False
2013-08-28 16:00:00,554,Raum 554,2013-08-28,Mittwoch,16,False,439.6,22.67,58.9,3.7,0.0,False,False
2013-08-28 17:00:00,554,Raum 554,2013-08-28,Mittwoch,17,False,456.0,22.72,59.0,3.6,0.0,False,False
2013-08-28 18:00:00,554,Raum 554,2013-08-28,Mittwoch,18,False,508.7,22.78,59.1,3.7,0.0,False,False
2013-08-28 19:00:00,554,Raum 554,2013-08-28,Mittwoch,19,False,533.7,22.83,59.2,3.7,0.0,False,False
2013-08-28 20:00:00,554,Raum 554,2013-08-28,Mittwoch,20,False,540.6,22.86,59.4,3.7,0.0,False,False
2013-08-28 21:00:00,554,Raum 554,2013-08-28,Mittwoch,21,False,557.1,22.89,59.5,3.6,0.0,False,False
2013-08-28 22:00:00,554,Raum 554,2013-08-28,Mittwoch,22,False,569.4,22.91,59.5,3.6,0.0,False,False
2013-08-28 23:00:00,554,Raum 554,2013-08-28,Mittwoch,23,False,582.1,22.94,59.8,3.7,0.0,False,False
2013-08-29 00:00:00,554,Raum 554,2013-08-29,Donnerstag,0,False,558.9,22.97,59.8,3.7,0.0,False,False
2013-08-29 01:00:00,554,Raum 554,2013-08-29,Donnerstag,1,False,507.9,22.96,60.0,7.0,5.6,False,False
2013-08-29 02:00:00,554,Raum 554,2013-08-29,Donnerstag,2,False,486.9,22.93,60.5,26.5,5.0,False,False
2013-08-29 03:00:00,554,Raum 554,2013-08-29,Donnerstag,3,False,498.2,22.99,61.0,23.7,15.7,False,False
2013-08-29 04:00:00,554,Raum 554,2013-08-29,Donnerstag,4,False,478.6,22.92,61.2,27.6,0.6,False,False
2013-08-29 05:00:00,554,Raum 554,2013-08-29,Donnerstag,5,False,468.2,22.85,61.6,27.4,2.6,False,False
2013-08-29 06:00:00,554,Raum 554,2013-08-29,Donnerstag,6,False,442.2,22.93,61.4,7.8,3.5,False,False
2013-08-29 07:00:00,554,Raum 554,2013-08-29,Donnerstag,7,False,428.8,23.01,60.9,3.9,0.0,False,False
2013-08-29 08:00:00,554,Raum 554,2013-08-29,Donnerstag,8,False,427.7,23.02,60.8,3.6,0.0,False,False
2013-08-29 09:00:00,554,Raum 554,2013-08-29,Donnerstag,9,False,424.9,22.98,60.6,3.5,0.0,False,False
2013-08-29 10:00:00,554,Raum 554,2013-08-29,Donnerstag,10,False,421.2,22.93,60.4,3.5,0.0,False,False
2013-08-29 11:00:00,554,Raum 554,2013-08-29,Donnerstag,11,False,418.1,22.86,60.3,3.5,0.0,False,False
2013-08-29 12:00:00,554,Raum 554,2013-08-29,Donnerstag,12,False,419.9,22.8,60.5,3.7,2.2,False,False
2013-08-29 13:00:00,554,Raum 554,2013-08-29,Donnerstag,13,False,419.0,22.82,60.7,3.7,0.0,False,False
2013-08-29 14:00:00,554,Raum 554,2013-08-29,Donnerstag,14,False,422.6,22.86,60.7,3.7,0.0,False,False
2013-08-29 15:00:00,554,Raum 554,2013-08-29,Donnerstag,15,False,446.1,22.91,60.8,17.4,5.8,False,False
2013-08-29 16:00:00,554,Raum 554,2013-08-29,Donnerstag,16,False,505.4,23.19,60.5,30.6,12.0,False,False
2013-08-29 17:00:00,554,Raum 554,2013-08-29,Donnerstag,17,False,532.9,23.2,60.6,61.5,7.3,False,False
2013-08-29 18:00:00,554,Raum 554,2013-08-29,Donnerstag,18,False,696.4,23.57,60.2,36.4,11.9,False,False
2013-08-29 19:00:00,554,Raum 554,2013-08-29,Donnerstag,19,False,725.7,24.02,58.7,27.3,15.1,False,False
2013-08-29 20:00:00,554,Raum 554,2013-08-29,Donnerstag,20,False,580.6,23.62,58.5,3.6,0.0,False,False
2013-08-29 21:00:00,554,Raum 554,2013-08-29,Donnerstag,21,False,590.7,23.41,58.9,3.6,0.0,False,False
2013-08-29 22:00:00,554,Raum 554,2013-08-29,Donnerstag,22,False,559.9,23.15,59.4,5.4,1.7,False,False
2013-08-29 23:00:00,554,Raum 554,2013-08-29,Donnerstag,23,False,596.2,22.87,60.1,30.5,12.9,False,False
2013-08-30 00:00:00,554,Raum 554,2013-08-30,Freitag,0,False,1318.8,24.01,61.0,12.7,27.9,False,True
2013-08-30 01:00:00,554,Raum 554,2013-08-30,Freitag,1,False,838.3,24.63,57.7,13.3,16.9,True,False
2013-08-30 02:00:00,554,Raum 554,2013-08-30,Freitag,2,False,469.0,23.92,57.3,12.2,0.0,False,False
2013-08-30 03:00:00,554,Raum 554,2013-08-30,Freitag,3,False,443.3,23.64,58.6,12.4,0.0,False,False
2013-08-30 04:00:00,554,Raum 554,2013-08-30,Freitag,4,False,448.1,23.53,59.0,12.5,0.0,False,False
2013-08-30 05:00:00,554,Raum 554,2013-08-30,Freitag,5,False,446.4,23.53,59.1,12.5,0.0,False,False
2013-08-30 06:00:00,554,Raum 554,2013-08-30,Freitag,6,False,449.6,23.58,59.0,12.3,0.0,False,False
2013-08-30 07:00:00,554,Raum 554,2013-08-30,Freitag,7,False,449.2,23.57,58.9,12.3,0.0,False,False
2013-08-30 08:00:00,554,Raum 554,2013-08-30,Freitag,8,False,442.8,23.55,59.0,12.2,0.0,False,False
2013-08-30 09:00:00,554,Raum 554,2013-08-30,Freitag,9,False,435.8,23.51,59.2,12.2,0.0,False,False
2013-08-30 10:00:00,554,Raum 554,2013-08-30,Freitag,10,False,434.2,23.48,59.3,12.3,0.0,False,False
2013-08-30 11:00:00,554,Raum 554,2013-08-30,Freitag,11,False,437.6,23.45,59.4,12.2,0.0,False,False
2013-08-30 12:00:00,554,Raum 554,2013-08-30,Freitag,12,False,439.6,23.39,59.3,6.5,1.3,False,False
2013-08-30 13:00:00,554,Raum 554,2013-08-30,Freitag,13,False,440.0,23.27,59.5,3.3,0.0,False,False
2013-08-30 14:00:00,554,Raum 554,2013-08-30,Freitag,14,False,440.9,23.19,60.0,3.2,0.0,False,False
2013-08-30 15:00:00,554,Raum 554,2013-08-30,Freitag,15,False,450.8,23.15,60.4,3.3,0.0,False,False
2013-08-30 16:00:00,554,Raum 554,2013-08-30,Freitag,16,False,475.6,23.11,60.6,3.3,0.0,False,False
2013-08-30 17:00:00,554,Raum 554,2013-08-30,Freitag,17,False,552.8,23.11,60.3,3.5,4.6,False,False
2013-08-30 18:00:00,554,Raum 554,2013-08-30,Freitag,18,False,562.1,22.87,60.5,4.4,3.4,False,False
2013-08-30 19:00:00,554,Raum 554,2013-08-30,Freitag,19,False,728.8,23.1,60.7,32.3,18.3,False,False
2013-08-30 20:00:00,554,Raum 554,2013-08-30,Freitag,20,False,703.8,23.51,59.3,9.6,9.9,False,False
2013-08-30 21:00:00,554,Raum 554,2013-08-30,Freitag,21,False,638.7,23.23,59.1,12.7,5.7,False,False
2013-08-30 22:00:00,554,Raum 554,2013-08-30,Freitag,22,False,648.0,23.13,59.2,12.9,2.4,False,False
2013-08-30 23:00:00,554,Raum 554,2013-08-30,Freitag,23,False,567.3,23.03,59.3,12.9,3.4,False,False
2013-08-31 00:00:00,554,Raum 554,2013-08-31,Samstag,0,True,484.6,22.81,59.4,12.9,0.0,False,False
2013-08-31 01:00:00,554,Raum 554,2013-08-31,Samstag,1,True,473.8,22.7,59.6,7.3,4.6,False,False
2013-08-31 02:00:00,554,Raum 554,2013-08-31,Samstag,2,True,452.6,22.6,59.9,5.1,0.0,False,False
2013-08-31 03:00:00,554,Raum 554,2013-08-31,Samstag,3,True,439.2,22.54,60.3,5.1,0.0,False,False
2013-08-31 04:00:00,554,Raum 554,2013-08-31,Samstag,4,True,439.7,22.48,60.6,4.8,0.0,False,False
2013-08-31 05:00:00,554,Raum 554,2013-08-31,Samstag,5,True,443.5,22.44,60.8,4.6,0.0,False,False
2013-08-31 06:00:00,554,Raum 554,2013-08-31,Samstag,6,True,445.9,22.39,60.8,4.6,0.0,False,False
2013-08-31 07:00:00,554,Raum 554,2013-08-31,Samstag,7,True,448.4,22.36,60.9,4.6,0.0,False,False
2013-08-31 08:00:00,554,Raum 554,2013-08-31,Samstag,8,True,445.5,22.33,61.0,4.7,0.0,False,False
2013-08-31 09:00:00,554,Raum 554,2013-08-31,Samstag,9,True,441.1,22.3,60.9,4.5,0.0,False,False
2013-08-31 10:00:00,554,Raum 554,2013-08-31,Samstag,10,True,432.8,22.27,60.5,4.7,0.0,False,False
2013-08-31 11:00:00,554,Raum 554,2013-08-31,Samstag,11,True,432.5,22.23,60.0,4.6,0.0,False,False
2013-08-31 12:00:00,554,Raum 554,2013-08-31,Samstag,12,True,433.3,22.18,59.7,4.6,0.0,False,False
2013-08-31 13:00:00,554,Raum 554,2013-08-31,Samstag,13,True,427.1,22.14,59.9,4.6,0.0,False,False
2013-08-31 14:00:00,554,Raum 554,2013-08-31,Samstag,14,True,434.6,22.16,60.3,4.6,0.0,False,False
2013-08-31 15:00:00,554,Raum 554,2013-08-31,Samstag,15,True,426.3,22.17,59.9,4.6,0.0,False,False
2013-08-31 16:00:00,554,Raum 554,2013-08-31,Samstag,16,True,421.7,22.13,59.7,4.7,0.0,False,False
2013-08-31 17:00:00,554,Raum 554,2013-08-31,Samstag,17,True,421.7,22.11,59.9,4.6,0.0,False,False
2013-08-31 18:00:00,554,Raum 554,2013-08-31,Samstag,18,True,423.6,22.11,60.2,5.1,4.4,False,False
2013-08-23 23:00:00,621C,Raum 621C,2013-08-23,Freitag,23,False,518.3,24.19,49.5,252.0,0.0,False,False
2013-08-24 00:00:00,621C,Raum 621C,2013-08-24,Samstag,0,True,481.0,23.67,50.5,245.6,0.0,False,False
2013-08-24 01:00:00,621C,Raum 621C,2013-08-24,Samstag,1,True,436.2,23.54,50.8,255.1,0.0,False,False
2013-08-24 02:00:00,621C,Raum 621C,2013-08-24,Samstag,2,True,416.2,23.49,51.0,122.3,0.0,False,False
2013-08-24 03:00:00,621C,Raum 621C,2013-08-24,Samstag,3,True,410.9,23.19,51.7,4.2,0.0,False,False
2013-08-24 04:00:00,621C,Raum 621C,2013-08-24,Samstag,4,True,410.8,22.79,52.7,3.6,0.0,False,False
2013-08-24 05:00:00,621C,Raum 621C,2013-08-24,Samstag,5,True,410.1,22.49,53.3,3.5,0.0,False,False
2013-08-24 06:00:00,621C,Raum 621C,2013-08-24,Samstag,6,True,409.0,22.24,54.1,3.5,0.0,False,False
2013-08-24 07:00:00,621C,Raum 621C,2013-08-24,Samstag,7,True,408.8,22.04,54.8,3.5,0.0,False,False
2013-08-24 08:00:00,621C,Raum 621C,2013-08-24,Samstag,8,True,406.5,21.88,55.3,3.5,0.0,False,False
2013-08-24 09:00:00,621C,Raum 621C,2013-08-24,Samstag,9,True,407.1,21.73,55.6,3.5,0.0,False,False
2013-08-24 10:00:00,621C,Raum 621C,2013-08-24,Samstag,10,True,402.8,21.6,55.8,3.6,0.0,False,False
2013-08-24 11:00:00,621C,Raum 621C,2013-08-24,Samstag,11,True,401.0,21.5,56.3,3.4,0.0,False,False
2013-08-24 12:00:00,621C,Raum 621C,2013-08-24,Samstag,12,True,400.4,21.42,56.8,3.5,0.0,False,False
2013-08-24 13:00:00,621C,Raum 621C,2013-08-24,Samstag,13,True,400.1,21.34,57.3,7.3,0.0,False,False
2013-08-24 14:00:00,621C,Raum 621C,2013-08-24,Samstag,14,True,400.0,21.29,57.3,64.6,0.0,False,False
2013-08-24 15:00:00,621C,Raum 621C,2013-08-24,Samstag,15,True,402.1,21.33,57.4,178.8,0.0,False,False
2013-08-24 16:00:00,621C,Raum 621C,2013-08-24,Samstag,16,True,405.5,21.44,57.5,208.8,0.0,False,False
2013-08-24 17:00:00,621C,Raum 621C,2013-08-24,Samstag,17,True,420.7,21.55,57.5,225.1,0.0,False,False
2013-08-24 18:00:00,621C,Raum 621C,2013-08-24,Samstag,18,True,437.2,21.74,57.8,243.9,0.0,False,False
2013-08-24 19:00:00,621C,Raum 621C,2013-08-24,Samstag,19,True,433.2,21.98,57.7,294.9,0.0,False,False
2013-08-24 20:00:00,621C,Raum 621C,2013-08-24,Samstag,20,True,423.3,22.15,57.5,286.7,0.0,False,False
2013-08-24 21:00:00,621C,Raum 621C,2013-08-24,Samstag,21,True,427.3,22.34,57.1,373.4,0.0,False,False
2013-08-24 22:00:00,621C,Raum 621C,2013-08-24,Samstag,22,True,430.5,22.53,56.8,339.3,0.0,False,False
2013-08-24 23:00:00,621C,Raum 621C,2013-08-24,Samstag,23,True,428.6,22.65,56.5,327.4,0.0,False,False
2013-08-25 00:00:00,621C,Raum 621C,2013-08-25,Sonntag,0,True,416.2,22.73,56.7,293.6,0.0,False,False
2013-08-25 01:00:00,621C,Raum 621C,2013-08-25,Sonntag,1,True,412.9,22.84,56.9,238.7,0.0,False,False
2013-08-25 02:00:00,621C,Raum 621C,2013-08-25,Sonntag,2,True,410.2,22.92,57.0,79.2,0.0,False,False
2013-08-25 03:00:00,621C,Raum 621C,2013-08-25,Sonntag,3,True,409.8,22.73,57.5,3.6,0.0,False,False
2013-08-25 04:00:00,621C,Raum 621C,2013-08-25,Sonntag,4,True,410.8,22.43,58.5,3.5,0.0,False,False
2013-08-25 05:00:00,621C,Raum 621C,2013-08-25,Sonntag,5,True,414.4,22.2,59.1,3.6,0.0,False,False
2013-08-25 06:00:00,621C,Raum 621C,2013-08-25,Sonntag,6,True,414.6,22.04,59.6,3.5,0.0,False,False
2013-08-25 07:00:00,621C,Raum 621C,2013-08-25,Sonntag,7,True,415.7,21.91,60.3,3.6,0.0,False,False
2013-08-25 08:00:00,621C,Raum 621C,2013-08-25,Sonntag,8,True,413.0,21.85,61.5,3.5,0.0,False,False
2013-08-25 09:00:00,621C,Raum 621C,2013-08-25,Sonntag,9,True,415.2,21.81,62.4,3.5,0.0,False,False
2013-08-25 10:00:00,621C,Raum 621C,2013-08-25,Sonntag,10,True,415.0,21.77,62.9,3.6,0.0,False,False
2013-08-25 11:00:00,621C,Raum 621C,2013-08-25,Sonntag,11,True,410.5,21.71,63.3,3.6,0.0,False,False
2013-08-25 12:00:00,621C,Raum 621C,2013-08-25,Sonntag,12,True,410.2,21.67,63.8,3.4,0.0,False,False
2013-08-25 13:00:00,621C,Raum 621C,2013-08-25,Sonntag,13,True,411.9,21.63,64.2,6.0,0.0,False,False
2013-08-25 14:00:00,621C,Raum 621C,2013-08-25,Sonntag,14,True,412.9,21.65,64.4,33.8,0.0,False,False
2013-08-25 15:00:00,621C,Raum 621C,2013-08-25,Sonntag,15,True,456.0,22.26,64.4,171.1,15.6,False,False
2013-08-25 16:00:00,621C,Raum 621C,2013-08-25,Sonntag,16,True,419.4,22.4,64.7,309.5,0.0,False,False
2013-08-25 17:00:00,621C,Raum 621C,2013-08-25,Sonntag,17,True,411.6,22.39,64.9,368.5,0.0,False,False
2013-08-25 18:00:00,621C,Raum 621C,2013-08-25,Sonntag,18,True,413.3,22.51,64.1,329.7,0.0,False,False
2013-08-25 19:00:00,621C,Raum 621C,2013-08-25,Sonntag,19,True,416.2,22.55,63.6,254.3,0.0,False,False
2013-08-25 20:00:00,621C,Raum 621C,2013-08-25,Sonntag,20,True,413.9,22.62,63.0,260.3,0.0,False,False
2013-08-25 21:00:00,621C,Raum 621C,2013-08-25,Sonntag,21,True,412.1,22.72,62.5,424.6,0.0,False,False
2013-08-25 22:00:00,621C,Raum 621C,2013-08-25,Sonntag,22,True,410.9,22.95,61.8,485.9,0.0,False,False
2013-08-25 23:00:00,621C,Raum 621C,2013-08-25,Sonntag,23,True,410.7,23.03,61.2,412.3,0.0,False,False
2013-08-26 00:00:00,621C,Raum 621C,2013-08-26,Montag,0,False,410.7,23.13,60.8,369.8,0.0,False,False
2013-08-26 01:00:00,621C,Raum 621C,2013-08-26,Montag,1,False,407.0,23.15,60.2,306.4,0.0,False,False
2013-08-26 02:00:00,621C,Raum 621C,2013-08-26,Montag,2,False,406.8,23.26,59.8,134.2,0.0,False,False
2013-08-26 03:00:00,621C,Raum 621C,2013-08-26,Montag,3,False,408.6,23.05,60.0,3.6,0.0,False,False
2013-08-26 04:00:00,621C,Raum 621C,2013-08-26,Montag,4,False,409.0,22.75,60.3,3.6,0.0,False,False
2013-08-26 05:00:00,621C,Raum 621C,2013-08-26,Montag,5,False,408.9,22.51,60.4,3.5,0.0,False,False
2013-08-26 06:00:00,621C,Raum 621C,2013-08-26,Montag,6,False,406.2,22.26,60.6,3.5,0.0,False,False
2013-08-26 07:00:00,621C,Raum 621C,2013-08-26,Montag,7,False,403.0,22.06,60.3,3.6,0.0,False,False
2013-08-26 08:00:00,621C,Raum 621C,2013-08-26,Montag,8,False,404.1,21.92,60.5,3.6,0.0,False,False
2013-08-26 09:00:00,621C,Raum 621C,2013-08-26,Montag,9,False,406.2,21.79,60.6,3.5,0.0,False,False
2013-08-26 10:00:00,621C,Raum 621C,2013-08-26,Montag,10,False,402.8,21.69,60.7,3.6,0.0,False,False
2013-08-26 11:00:00,621C,Raum 621C,2013-08-26,Montag,11,False,400.7,21.59,60.8,3.5,0.0,False,False
2013-08-26 12:00:00,621C,Raum 621C,2013-08-26,Montag,12,False,399.0,21.62,60.9,3.6,0.0,False,False
2013-08-26 13:00:00,621C,Raum 621C,2013-08-26,Montag,13,False,406.9,21.84,61.0,7.4,0.0,False,False
2013-08-26 14:00:00,621C,Raum 621C,2013-08-26,Montag,14,False,409.1,21.85,61.0,38.2,0.0,False,False
2013-08-26 15:00:00,621C,Raum 621C,2013-08-26,Montag,15,False,411.1,21.87,60.1,154.1,0.0,False,False
2013-08-26 16:00:00,621C,Raum 621C,2013-08-26,Montag,16,False,420.1,21.93,59.6,221.8,0.0,False,False
2013-08-26 17:00:00,621C,Raum 621C,2013-08-26,Montag,17,False,422.2,22.13,58.9,369.4,0.0,False,False
2013-08-26 18:00:00,621C,Raum 621C,2013-08-26,Montag,18,False,423.6,22.3,58.2,262.8,0.0,False,False
2013-08-26 19:00:00,621C,Raum 621C,2013-08-26,Montag,19,False,457.0,22.4,58.3,247.4,0.0,False,False
2013-08-26 20:00:00,621C,Raum 621C,2013-08-26,Montag,20,False,495.5,22.53,58.5,251.5,0.0,False,False
2013-08-26 21:00:00,621C,Raum 621C,2013-08-26,Montag,21,False,506.2,22.64,58.1,248.8,0.0,False,False
2013-08-26 22:00:00,621C,Raum 621C,2013-08-26,Montag,22,False,529.2,22.74,57.5,240.0,0.0,False,False
2013-08-26 23:00:00,621C,Raum 621C,2013-08-26,Montag,23,False,530.7,22.84,56.8,228.4,0.0,False,False
2013-08-27 00:00:00,621C,Raum 621C,2013-08-27,Dienstag,0,False,512.8,22.91,56.4,216.3,0.0,False,False
2013-08-27 01:00:00,621C,Raum 621C,2013-08-27,Dienstag,1,False,476.0,23.01,56.2,216.6,0.0,False,False
2013-08-27 02:00:00,621C,Raum 621C,2013-08-27,Dienstag,2,False,440.4,23.24,55.5,110.0,0.0,False,False
2013-08-27 03:00:00,621C,Raum 621C,2013-08-27,Dienstag,3,False,412.8,23.08,55.7,3.8,0.0,False,False
2013-08-27 04:00:00,621C,Raum 621C,2013-08-27,Dienstag,4,False,417.5,22.73,55.4,3.6,0.0,False,False
2013-08-27 05:00:00,621C,Raum 621C,2013-08-27,Dienstag,5,False,422.2,22.41,55.3,3.5,0.0,False,False
2013-08-27 06:00:00,621C,Raum 621C,2013-08-27,Dienstag,6,False,419.9,22.17,55.5,3.6,0.0,False,False
2013-08-27 07:00:00,621C,Raum 621C,2013-08-27,Dienstag,7,False,418.4,21.96,56.1,3.6,0.0,False,False
2013-08-27 08:00:00,621C,Raum 621C,2013-08-27,Dienstag,8,False,413.9,21.81,57.2,3.4,0.0,False,False
2013-08-27 09:00:00,621C,Raum 621C,2013-08-27,Dienstag,9,False,409.3,21.68,57.9,3.5,0.0,False,False
2013-08-27 10:00:00,621C,Raum 621C,2013-08-27,Dienstag,10,False,405.8,21.52,56.8,3.4,0.0,False,False
2013-08-27 11:00:00,621C,Raum 621C,2013-08-27,Dienstag,11,False,401.5,21.32,55.0,3.5,0.0,False,False
2013-08-27 12:00:00,621C,Raum 621C,2013-08-27,Dienstag,12,False,402.6,21.48,54.5,3.5,0.0,False,False
2013-08-27 13:00:00,621C,Raum 621C,2013-08-27,Dienstag,13,False,407.8,22.1,53.9,15.4,0.0,False,False
2013-08-27 14:00:00,621C,Raum 621C,2013-08-27,Dienstag,14,False,414.0,22.12,54.7,106.5,0.0,False,False
2013-08-27 15:00:00,621C,Raum 621C,2013-08-27,Dienstag,15,False,416.3,22.08,56.0,161.4,0.0,False,False
2013-08-27 16:00:00,621C,Raum 621C,2013-08-27,Dienstag,16,False,467.5,22.39,56.6,215.3,7.0,False,False
2013-08-27 17:00:00,621C,Raum 621C,2013-08-27,Dienstag,17,False,485.9,23.41,55.1,245.3,2.6,False,False
2013-08-27 18:00:00,621C,Raum 621C,2013-08-27,Dienstag,18,False,496.8,23.76,54.2,254.6,4.0,False,False
2013-08-27 23:00:00,621C,Raum 621C,2013-08-27,Dienstag,23,False,590.0,24.07,54.3,235.7,1.7,False,False
2013-08-28 00:00:00,621C,Raum 621C,2013-08-28,Mittwoch,0,False,567.2,24.34,53.7,232.2,3.9,False,False
2013-08-28 01:00:00,621C,Raum 621C,2013-08-28,Mittwoch,1,False,484.0,24.01,54.2,216.4,0.0,False,False
2013-08-28 02:00:00,621C,Raum 621C,2013-08-28,Mittwoch,2,False,417.7,23.84,55.0,101.8,0.0,False,False
2013-08-28 03:00:00,621C,Raum 621C,2013-08-28,Mittwoch,3,False,407.4,23.48,56.2,3.8,0.0,False,False
2013-08-28 04:00:00,621C,Raum 621C,2013-08-28,Mittwoch,4,False,406.1,23.08,57.6,3.6,0.0,False,False
2013-08-28 05:00:00,621C,Raum 621C,2013-08-28,Mittwoch,5,False,408.6,22.78,58.6,3.5,0.0,False,False
2013-08-28 06:00:00,621C,Raum 621C,2013-08-28,Mittwoch,6,False,412.8,22.54,59.1,3.5,0.0,False,False
2013-08-28 07:00:00,621C,Raum 621C,2013-08-28,Mittwoch,7,False,409.6,22.34,59.5,3.4,0.0,False,False
2013-08-28 08:00:00,621C,Raum 621C,2013-08-28,Mittwoch,8,False,406.7,22.16,59.8,3.6,0.0,False,False
2013-08-28 09:00:00,621C,Raum 621C,2013-08-28,Mittwoch,9,False,404.8,22.02,60.1,3.5,0.0,False,False
2013-08-28 10:00:00,621C,Raum 621C,2013-08-28,Mittwoch,10,False,402.0,21.9,60.5,3.6,0.0,False,False
2013-08-28 11:00:00,621C,Raum 621C,2013-08-28,Mittwoch,11,False,403.2,21.8,60.9,3.5,0.0,False,False
2013-08-28 12:00:00,621C,Raum 621C,2013-08-28,Mittwoch,12,False,399.8,21.78,61.0,3.6,0.0,False,False
2013-08-28 13:00:00,621C,Raum 621C,2013-08-28,Mittwoch,13,False,406.4,21.91,60.7,7.1,0.0,False,False
2013-08-28 14:00:00,621C,Raum 621C,2013-08-28,Mittwoch,14,False,406.3,21.94,60.8,64.6,0.0,False,False
2013-08-28 15:00:00,621C,Raum 621C,2013-08-28,Mittwoch,15,False,409.2,21.99,60.8,187.4,0.0,False,False
2013-08-28 16:00:00,621C,Raum 621C,2013-08-28,Mittwoch,16,False,415.8,22.12,60.6,303.7,0.0,False,False
2013-08-28 17:00:00,621C,Raum 621C,2013-08-28,Mittwoch,17,False,430.9,22.27,60.3,233.0,0.0,False,False
2013-08-28 18:00:00,621C,Raum 621C,2013-08-28,Mittwoch,18,False,538.0,22.76,59.7,255.6,16.6,False,False
2013-08-28 19:00:00,621C,Raum 621C,2013-08-28,Mittwoch,19,False,537.3,23.61,57.6,261.5,7.2,False,False
2013-08-28 20:00:00,621C,Raum 621C,2013-08-28,Mittwoch,20,False,561.3,23.52,57.8,265.2,5.6,False,False
2013-08-28 21:00:00,621C,Raum 621C,2013-08-28,Mittwoch,21,False,693.6,23.96,57.4,267.5,15.9,False,False
2013-08-28 22:00:00,621C,Raum 621C,2013-08-28,Mittwoch,22,False,737.1,24.82,55.2,383.1,20.6,False,False
2013-08-28 23:00:00,621C,Raum 621C,2013-08-28,Mittwoch,23,False,622.2,24.88,54.3,275.9,10.2,False,False
2013-08-29 00:00:00,621C,Raum 621C,2013-08-29,Donnerstag,0,False,539.0,24.29,55.1,225.2,0.0,False,False
2013-08-29 01:00:00,621C,Raum 621C,2013-08-29,Donnerstag,1,False,474.3,23.89,56.2,255.0,0.0,False,False
2013-08-29 02:00:00,621C,Raum 621C,2013-08-29,Donnerstag,2,False,416.8,23.54,57.4,23.3,0.0,False,False
2013-08-29 03:00:00,621C,Raum 621C,2013-08-29,Donnerstag,3,False,407.2,23.16,58.9,3.6,0.0,False,False
2013-08-29 04:00:00,621C,Raum 621C,2013-08-29,Donnerstag,4,False,407.0,22.86,59.9,3.5,0.0,False,False
2013-08-29 05:00:00,621C,Raum 621C,2013-08-29,Donnerstag,5,False,410.2,22.64,60.8,3.5,0.0,False,False
2013-08-29 06:00:00,621C,Raum 621C,2013-08-29,Donnerstag,6,False,408.0,22.47,61.5,3.6,0.0,False,False
2013-08-29 07:00:00,621C,Raum 621C,2013-08-29,Donnerstag,7,False,407.1,22.32,62.0,3.5,0.0,False,False
2013-08-29 08:00:00,621C,Raum 621C,2013-08-29,Donnerstag,8,False,407.0,22.19,62.5,3.6,0.0,False,False
2013-08-29 09:00:00,621C,Raum 621C,2013-08-29,Donnerstag,9,False,406.0,22.06,62.7,3.5,0.0,False,False
2013-08-29 10:00:00,621C,Raum 621C,2013-08-29,Donnerstag,10,False,403.8,21.95,62.9,3.6,0.0,False,False
2013-08-29 11:00:00,621C,Raum 621C,2013-08-29,Donnerstag,11,False,405.1,21.85,63.0,3.6,0.0,False,False
2013-08-29 12:00:00,621C,Raum 621C,2013-08-29,Donnerstag,12,False,404.7,21.79,63.2,3.6,0.0,False,False
2013-08-29 13:00:00,621C,Raum 621C,2013-08-29,Donnerstag,13,False,404.2,21.89,63.3,7.1,0.0,False,False
2013-08-29 14:00:00,621C,Raum 621C,2013-08-29,Donnerstag,14,False,408.3,21.92,63.4,42.5,0.0,False,False
2013-08-29 15:00:00,621C,Raum 621C,2013-08-29,Donnerstag,15,False,414.5,21.96,63.5,123.1,0.0,False,False
2013-08-29 16:00:00,621C,Raum 621C,2013-08-29,Donnerstag,16,False,419.4,22.08,63.3,238.7,0.0,False,False
2013-08-29 17:00:00,621C,Raum 621C,2013-08-29,Donnerstag,17,False,423.8,22.35,62.8,359.9,2.1,False,False
2013-08-29 18:00:00,621C,Raum 621C,2013-08-29,Donnerstag,18,False,459.5,22.61,62.0,318.9,0.0,False,False
2013-08-29 19:00:00,621C,Raum 621C,2013-08-29,Donnerstag,19,False,498.8,22.68,61.3,248.6,0.0,False,False
2013-08-29 20:00:00,621C,Raum 621C,2013-08-29,Donnerstag,20,False,510.3,22.74,61.0,253.9,0.0,False,False
2013-08-29 21:00:00,621C,Raum 621C,2013-08-29,Donnerstag,21,False,518.9,22.8,60.6,247.9,0.0,False,False
2013-08-29 22:00:00,621C,Raum 621C,2013-08-29,Donnerstag,22,False,519.0,22.86,60.2,237.7,0.0,False,False
2013-08-29 23:00:00,621C,Raum 621C,2013-08-29,Donnerstag,23,False,517.7,22.91,60.0,223.3,0.0,False,False
2013-08-30 00:00:00,621C,Raum 621C,2013-08-30,Freitag,0,False,504.4,22.98,59.8,208.5,0.0,False,False
2013-08-30 01:00:00,621C,Raum 621C,2013-08-30,Freitag,1,False,483.3,23.1,59.6,203.4,0.0,False,False
2013-08-30 02:00:00,621C,Raum 621C,2013-08-30,Freitag,2,False,450.4,23.31,59.2,92.2,0.0,False,False
2013-08-30 03:00:00,621C,Raum 621C,2013-08-30,Freitag,3,False,421.4,23.16,59.9,3.7,0.0,False,False
2013-08-30 04:00:00,621C,Raum 621C,2013-08-30,Freitag,4,False,422.3,22.92,60.5,3.6,0.0,False,False
2013-08-30 05:00:00,621C,Raum 621C,2013-08-30,Freitag,5,False,419.2,22.67,61.1,3.5,0.0,False,False
2013-08-30 06:00:00,621C,Raum 621C,2013-08-30,Freitag,6,False,420.8,22.48,61.7,3.6,0.0,False,False
2013-08-30 07:00:00,621C,Raum 621C,2013-08-30,Freitag,7,False,429.3,22.32,62.1,3.5,0.0,False,False
2013-08-30 08:00:00,621C,Raum 621C,2013-08-30,Freitag,8,False,422.8,22.18,62.6,3.5,0.0,False,False
2013-08-30 09:00:00,621C,Raum 621C,2013-08-30,Freitag,9,False,418.3,22.06,63.1,3.6,0.0,False,False
2013-08-30 10:00:00,621C,Raum 621C,2013-08-30,Freitag,10,False,418.7,21.96,63.5,3.6,0.0,False,False
2013-08-30 11:00:00,621C,Raum 621C,2013-08-30,Freitag,11,False,420.4,21.85,63.9,3.6,0.0,False,False
2013-08-30 12:00:00,621C,Raum 621C,2013-08-30,Freitag,12,False,421.8,21.81,64.0,3.6,0.0,False,False
2013-08-30 13:00:00,621C,Raum 621C,2013-08-30,Freitag,13,False,420.9,21.9,63.8,8.9,0.0,False,False
2013-08-30 14:00:00,621C,Raum 621C,2013-08-30,Freitag,14,False,420.1,21.99,63.8,95.2,0.0,False,False
2013-08-30 15:00:00,621C,Raum 621C,2013-08-30,Freitag,15,False,424.7,22.08,63.8,191.5,1.6,False,False
2013-08-30 16:00:00,621C,Raum 621C,2013-08-30,Freitag,16,False,526.3,22.82,62.7,220.3,8.5,False,False
2013-08-30 17:00:00,621C,Raum 621C,2013-08-30,Freitag,17,False,641.5,23.33,60.7,245.8,4.4,False,False
2013-08-30 18:00:00,621C,Raum 621C,2013-08-30,Freitag,18,False,676.6,23.66,59.5,259.9,13.4,False,False
2013-08-30 19:00:00,621C,Raum 621C,2013-08-30,Freitag,19,False,579.2,23.9,57.9,253.7,3.0,False,False
2013-08-30 20:00:00,621C,Raum 621C,2013-08-30,Freitag,20,False,590.9,23.74,57.9,262.5,3.4,False,False
2013-08-30 21:00:00,621C,Raum 621C,2013-08-30,Freitag,21,False,653.5,24.12,57.0,266.6,4.1,False,False
2013-08-30 22:00:00,621C,Raum 621C,2013-08-30,Freitag,22,False,630.1,24.38,55.7,258.8,6.8,False,False
2013-08-30 23:00:00,621C,Raum 621C,2013-08-30,Freitag,23,False,604.3,24.51,55.1,242.6,15.2,False,False
2013-08-31 00:00:00,621C,Raum 621C,2013-08-31,Samstag,0,True,500.0,24.15,55.2,208.9,0.0,False,False
2013-08-31 01:00:00,621C,Raum 621C,2013-08-31,Samstag,1,True,460.0,23.89,55.8,198.9,0.0,False,False
2013-08-31 02:00:00,621C,Raum 621C,2013-08-31,Samstag,2,True,437.8,23.83,56.0,86.1,0.0,False,False
2013-08-31 03:00:00,621C,Raum 621C,2013-08-31,Samstag,3,True,426.8,23.58,56.7,3.6,0.0,False,False
2013-08-31 04:00:00,621C,Raum 621C,2013-08-31,Samstag,4,True,423.5,23.28,57.5,3.6,0.0,False,False
2013-08-31 05:00:00,621C,Raum 621C,2013-08-31,Samstag,5,True,428.4,23.06,58.2,3.6,0.0,False,False
2013-08-31 06:00:00,621C,Raum 621C,2013-08-31,Samstag,6,True,430.3,22.79,58.7,3.5,0.0,False,False
2013-08-31 07:00:00,621C,Raum 621C,2013-08-31,Samstag,7,True,431.7,22.57,59.4,3.5,0.0,False,False
2013-08-31 08:00:00,621C,Raum 621C,2013-08-31,Samstag,8,True,428.1,22.39,59.9,3.5,0.0,False,False
2013-08-31 09:00:00,621C,Raum 621C,2013-08-31,Samstag,9,True,424.7,22.23,60.1,3.6,0.0,False,False
2013-08-31 10:00:00,621C,Raum 621C,2013-08-31,Samstag,10,True,417.6,22.07,60.2,3.5,0.0,False,False
2013-08-31 11:00:00,621C,Raum 621C,2013-08-31,Samstag,11,True,418.0,21.91,60.2,3.6,0.0,False,False
2013-08-31 12:00:00,621C,Raum 621C,2013-08-31,Samstag,12,True,417.4,21.76,60.2,3.6,0.0,False,False
2013-08-31 13:00:00,621C,Raum 621C,2013-08-31,Samstag,13,True,410.6,21.65,60.5,7.9,0.0,False,False
2013-08-31 14:00:00,621C,Raum 621C,2013-08-31,Samstag,14,True,415.3,21.62,61.2,71.8,0.0,False,False
2013-08-31 15:00:00,621C,Raum 621C,2013-08-31,Samstag,15,True,411.8,21.71,60.8,179.9,0.0,False,False
2013-08-31 16:00:00,621C,Raum 621C,2013-08-31,Samstag,16,True,406.8,21.74,60.5,206.2,0.0,False,False
2013-08-31 17:00:00,621C,Raum 621C,2013-08-31,Samstag,17,True,403.9,21.79,60.5,229.4,0.0,False,False
2013-08-31 18:00:00,621C,Raum 621C,2013-08-31,Samstag,18,True,405.5,21.85,60.6,240.5,0.0,False,False
