timestamp,Room1_Temperatur,Room1_Leistung,Room2_Temperatur,Room2_Leistung,Alter,temp_kategorie
2021-01-01 00:00:00,21.8,103.6,22.5,39.2,2,Mild
2021-01-01 01:00:00,21.3,101.6,22.8,35.1,3,Mild
2021-01-01 02:00:00,20.6,87.5,23.2,41.8,4,Kühl
2021-01-01 03:00:00,20.7,66.4,23.9,52.1,5,Kühl
2021-01-01 04:00:00,20.7,65.7,24.4,56.8,6,Kühl
2021-01-01 05:00:00,20.6,52.2,24.9,73.9,7,Kühl
2021-01-01 06:00:00,20.9,48.2,25.3,82.7,8,Kühl
2021-01-01 07:00:00,21.3,47.4,25.9,92.9,4,Mild
2021-01-01 08:00:00,22.0,35.6,25.9,94.5,5,Mild
2021-01-01 09:00:00,22.6,43.9,26.2,117.3,6,Warm
2021-01-01 10:00:00,23.4,49.4,25.9,119.9,3,Warm
2021-01-01 11:00:00,24.4,51.4,25.8,128.6,2,Warm
