timestamp,co2,humidity,light,pir,temperature
2013-08-28 08:00:00,95.05416666666666,55.48434722222223,3.548611111111111,0.0,23.13486111111111
2013-08-28 16:00:00,,56.99301388888889,119.52083333333331,21.449897750511248,22.871375
2013-08-28 00:00:00,275.65833333333336,49.421902777777774,116.62222222222222,24.620689655172413,25.59848611111111
2013-08-28 18:00:00,444.970792767733,54.54677329624478,281.33101529902643,25.20066334991708,
2013-08-28 11:00:00,89.9486111111111,56.46669444444444,3.608333333333333,0.0,22.74136111111111
2013-08-28 09:00:00,95.47598870056495,55.77041666666666,3.5194444444444444,0.0,22.98108333333333
2013-08-28 13:00:00,92.51527777777778,56.824,3.880555555555556,0.0,22.58861111111111
2013-08-28 01:00:00,252.07222222222225,49.95619444444444,55.59722222222222,23.62686567164179,25.368791666666667
2013-08-28 21:00:00,260.8611111111111,48.15302777777778,223.6013888888889,,26.952291666666667
2013-08-28 05:00:00,94.9888888888889,54.09643055555556,3.5902777777777777,0.0,23.773930555555555
2013-08-28 02:00:00,135.6861111111111,50.671520223152015,5.376569037656904,0.0,24.975955369595532
2013-08-28 12:00:00,87.90138888888889,56.69841666666667,3.6180555555555554,0.0,22.644583333333333
2013-08-28 15:00:00,94.36805555555556,57.02166666666666,18.591666666666665,0.0,22.624111111111112
2013-08-28 03:00:00,92.4625,51.938875,3.7,0.0,24.450888888888887
2013-08-28 04:00:00,91.55694444444444,53.15861111111111,3.609722222222222,0.0,24.080180555555557
2013-08-28 22:00:00,260.59166666666664,48.26383333333333,202.32222222222225,26.70808678500986,26.63461111111111
2013-08-28 17:00:00,,56.41991666666667,219.69166666666663,29.405446293494705,23.753888888888888
2013-08-28 20:00:00,296.25416666666666,,236.13194444444449,29.347626339969374,26.468694444444445
2013-08-28 23:00:00,218.83055555555555,49.64165277777777,160.12777777777777,13.49624060150376,25.649472222222222
2013-08-28 07:00:00,99.46944444444443,,3.623611111111111,0.0,23.316680555555557
2013-08-28 10:00:00,91.45555555555556,56.13302777777778,3.5236111111111112,0.0,22.85504166666667
2013-08-28 14:00:00,91.86944444444444,57.016013888888885,,0.0,22.58383333333333
2013-08-28 19:00:00,306.7958333333333,51.50663888888889,272.51944444444445,28.14333333333333,
2013-08-28 06:00:00,100.22191400832178,,3.5819444444444444,0.0,23.51383333333333
