timestamp,value
2013-08-28 00:00:00,25.59848611111111
2013-08-28 01:00:00,25.368791666666667
2013-08-28 02:00:00,24.975955369595532
2013-08-28 03:00:00,24.450888888888887
2013-08-28 04:00:00,24.080180555555557
2013-08-28 06:00:00,23.51383333333333
2013-08-28 07:00:00,23.316680555555557
2013-08-28 08:00:00,23.13486111111111
2013-08-28 09:00:00,22.98108333333333
2013-08-28 10:00:00,22.85504166666667
2013-08-28 11:00:00,22.74136111111111
2013-08-28 12:00:00,22.644583333333333
2013-08-28 13:00:00,22.58861111111111
2013-08-28 15:00:00,22.624111111111112
2013-08-28 16:00:00,22.871375
2013-08-28 17:00:00,23.753888888888888
2013-08-28 18:00:00,24.890625869262863
2013-08-28 19:00:00,25.91272222222222
2013-08-28 21:00:00,26.952291666666667
2013-08-28 22:00:00,26.63461111111111
2013-08-28 23:00:00,25.649472222222222
