timestamp,variable,value
2013-08-28 00:00:00,co2,275.65833333333336
2013-08-28 01:00:00,co2,252.07222222222225
2013-08-28 02:00:00,co2,135.6861111111111
2013-08-28 03:00:00,co2,92.4625
2013-08-28 04:00:00,co2,91.55694444444444
2013-08-28 05:00:00,co2,94.9888888888889
2013-08-28 06:00:00,co2,100.22191400832178
2013-08-28 07:00:00,co2,99.46944444444443
2013-08-28 08:00:00,co2,95.05416666666666
2013-08-28 09:00:00,co2,95.47598870056495
2013-08-28 10:00:00,co2,91.45555555555556
2013-08-28 11:00:00,co2,89.9486111111111
2013-08-28 12:00:00,co2,87.90138888888889
2013-08-28 13:00:00,co2,92.51527777777778
2013-08-28 14:00:00,co2,91.86944444444444
2013-08-28 15:00:00,co2,94.36805555555556
2013-08-28 16:00:00,co2,162.0638888888889
2013-08-28 17:00:00,co2,375.5988857938719
2013-08-28 18:00:00,co2,444.970792767733
2013-08-28 19:00:00,co2,306.7958333333333
2013-08-28 20:00:00,co2,296.25416666666666
2013-08-28 21:00:00,co2,260.8611111111111
2013-08-28 22:00:00,co2,260.59166666666664
2013-08-28 23:00:00,co2,218.83055555555555
2013-08-28 00:00:00,humidity,49.421902777777774
2013-08-28 01:00:00,humidity,49.95619444444444
2013-08-28 02:00:00,humidity,50.671520223152015
2013-08-28 03:00:00,humidity,51.938875
2013-08-28 04:00:00,humidity,53.15861111111111
2013-08-28 05:00:00,humidity,54.09643055555556
2013-08-28 06:00:00,humidity,54.707875
2013-08-28 07:00:00,humidity,55.133513888888885
2013-08-28 08:00:00,humidity,55.48434722222223
2013-08-28 09:00:00,humidity,55.77041666666666
2013-08-28 10:00:00,humidity,56.13302777777778
2013-08-28 11:00:00,humidity,56.46669444444444
2013-08-28 12:00:00,humidity,56.69841666666667
2013-08-28 13:00:00,humidity,56.824
2013-08-28 14:00:00,humidity,57.016013888888885
2013-08-28 15:00:00,humidity,57.02166666666666
2013-08-28 16:00:00,humidity,56.99301388888889
2013-08-28 17:00:00,humidity,56.41991666666667
2013-08-28 18:00:00,humidity,54.54677329624478
2013-08-28 19:00:00,humidity,51.50663888888889
2013-08-28 20:00:00,humidity,49.904513888888886
2013-08-28 21:00:00,humidity,48.15302777777778
2013-08-28 22:00:00,humidity,48.26383333333333
2013-08-28 23:00:00,humidity,49.64165277777777
2013-08-28 00:00:00,light,116.62222222222222
2013-08-28 01:00:00,light,55.59722222222222
2013-08-28 02:00:00,light,5.376569037656904
2013-08-28 03:00:00,light,3.7
2013-08-28 04:00:00,light,3.609722222222222
2013-08-28 05:00:00,light,3.5902777777777777
2013-08-28 06:00:00,light,3.5819444444444444
2013-08-28 07:00:00,light,3.623611111111111
2013-08-28 08:00:00,light,3.548611111111111
2013-08-28 09:00:00,light,3.5194444444444444
2013-08-28 10:00:00,light,3.5236111111111112
2013-08-28 11:00:00,light,3.608333333333333
2013-08-28 12:00:00,light,3.6180555555555554
2013-08-28 13:00:00,light,3.880555555555556
2013-08-28 14:00:00,light,8.202777777777778
2013-08-28 15:00:00,light,18.591666666666665
2013-08-28 16:00:00,light,119.52083333333331
2013-08-28 17:00:00,light,219.69166666666663
2013-08-28 18:00:00,light,281.33101529902643
2013-08-28 19:00:00,light,272.51944444444445
2013-08-28 20:00:00,light,236.13194444444449
2013-08-28 21:00:00,light,223.6013888888889
2013-08-28 22:00:00,light,202.32222222222225
2013-08-28 23:00:00,light,160.12777777777777
2013-08-28 00:00:00,pir,24.620689655172413
2013-08-28 01:00:00,pir,23.62686567164179
2013-08-28 02:00:00,pir,0.0
2013-08-28 03:00:00,pir,0.0
2013-08-28 04:00:00,pir,0.0
2013-08-28 05:00:00,pir,0.0
2013-08-28 06:00:00,pir,0.0
2013-08-28 07:00:00,pir,0.0
2013-08-28 08:00:00,pir,0.0
2013-08-28 09:00:00,pir,0.0
2013-08-28 10:00:00,pir,0.0
2013-08-28 11:00:00,pir,0.0
2013-08-28 12:00:00,pir,0.0
2013-08-28 13:00:00,pir,0.0
2013-08-28 14:00:00,pir,0.0
2013-08-28 15:00:00,pir,0.0
2013-08-28 16:00:00,pir,21.449897750511248
2013-08-28 17:00:00,pir,29.405446293494705
2013-08-28 18:00:00,pir,25.20066334991708
2013-08-28 19:00:00,pir,28.14333333333333
2013-08-28 20:00:00,pir,29.347626339969374
2013-08-28 21:00:00,pir,25.704663212435232
2013-08-28 22:00:00,pir,26.70808678500986
2013-08-28 23:00:00,pir,13.49624060150376
2013-08-28 00:00:00,temperature,25.59848611111111
2013-08-28 01:00:00,temperature,25.368791666666667
2013-08-28 02:00:00,temperature,24.975955369595532
2013-08-28 03:00:00,temperature,24.450888888888887
2013-08-28 04:00:00,temperature,24.080180555555557
2013-08-28 05:00:00,temperature,23.773930555555555
2013-08-28 06:00:00,temperature,23.51383333333333
2013-08-28 07:00:00,temperature,23.316680555555557
2013-08-28 08:00:00,temperature,23.13486111111111
2013-08-28 09:00:00,temperature,22.98108333333333
2013-08-28 10:00:00,temperature,22.85504166666667
2013-08-28 11:00:00,temperature,22.74136111111111
2013-08-28 12:00:00,temperature,22.644583333333333
2013-08-28 13:00:00,temperature,22.58861111111111
2013-08-28 14:00:00,temperature,22.58383333333333
2013-08-28 15:00:00,temperature,22.624111111111112
2013-08-28 16:00:00,temperature,22.871375
2013-08-28 17:00:00,temperature,23.753888888888888
2013-08-28 18:00:00,temperature,24.890625869262863
2013-08-28 19:00:00,temperature,25.91272222222222
2013-08-28 20:00:00,temperature,26.468694444444445
2013-08-28 21:00:00,temperature,26.952291666666667
2013-08-28 22:00:00,temperature,26.63461111111111
2013-08-28 23:00:00,temperature,25.649472222222222
