DATE_TIME,DC_POWER,AC_POWER
30-05-2020 08:45,3208.857143,315.3
30-05-2020 04:00,0.0,0.0
30-05-2020 21:00,0.0,0.0
30-05-2020 23:00,0.0,0.0
30-05-2020 18:00,606.5,58.7
30-05-2020 23:30,0.0,0.0
30-05-2020 19:00,0.0,0.0
30-05-2020 12:00,12998.42857,1267.728571
30-05-2020 08:00,2849.25,279.725
30-05-2020 14:45,9368.75,916.3625
30-05-2020 06:30,659.7142857,63.9
30-05-2020 05:45,0.0,0.0
30-05-2020 21:45,0.0,0.0
30-05-2020 18:45,0.0,0.0
30-05-2020 05:30,0.0,0.0
30-05-2020 10:00,4275.125,419.7875
30-05-2020 17:45,910.4285714,88.4
30-05-2020 09:30,5810.125,569.325
30-05-2020 17:30,1632.0,159.6
30-05-2020 15:15,8246.375,807.075
30-05-2020 14:00,10322.28571,1008.785714
30-05-2020 04:45,0.0,0.0
30-05-2020 17:00,3089.0,303.4875
30-05-2020 01:15,0.0,0.0
30-05-2020 09:15,5257.571429,515.5571429
30-05-2020 11:30,8093.857143,791.7571429
30-05-2020 14:15,10641.125,1040.1125
30-05-2020 04:15,0.0,0.0
30-05-2020 02:45,0.0,0.0
30-05-2020 21:15,0.0,0.0
30-05-2020 22:45,0.0,0.0
30-05-2020 12:45,9668.0,945.15
30-05-2020 22:30,0.0,0.0
30-05-2020 06:45,1133.375,110.1875
30-05-2020 15:00,8848.428571,865.7142857
30-05-2020 03:30,0.0,0.0
30-05-2020 19:30,0.0,0.0
30-05-2020 00:30,0.0,0.0
30-05-2020 06:00,71.57142857,6.928571429
30-05-2020 18:15,272.8571429,26.34285714
30-05-2020 20:00,0.0,0.0
30-05-2020 00:00,0.0,0.0
30-05-2020 18:30,26.0,2.5125
30-05-2020 16:00,6196.285714,607.0857143
30-05-2020 02:30,0.0,0.0
30-05-2020 20:15,0.0,0.0
30-05-2020 03:15,0.0,0.0
30-05-2020 11:45,8056.875,788.5
30-05-2020 15:45,6906.375,676.4125
30-05-2020 09:45,4299.714286,422.1714286
30-05-2020 07:30,1900.125,186.2375
30-05-2020 07:15,2049.857143,200.9571429
30-05-2020 13:30,9501.571429,929.2571429
30-05-2020 00:15,0.0,0.0
30-05-2020 04:30,0.0,0.0
30-05-2020 22:15,0.0,0.0
30-05-2020 05:00,0.0,0.0
30-05-2020 08:30,3374.875,331.8125
30-05-2020 16:45,3774.0,370.8714286
30-05-2020 11:15,9698.428571,947.6571429
30-05-2020 03:45,0.0,0.0
30-05-2020 20:30,0.0,0.0
30-05-2020 03:00,0.0,0.0
30-05-2020 02:15,0.0,0.0
30-05-2020 22:00,0.0,0.0
30-05-2020 09:00,3486.625,342.5375
30-05-2020 15:30,7590.571429,743.1428571
30-05-2020 17:15,2400.428571,235.3571429
30-05-2020 11:00,6431.0,629.925
30-05-2020 05:15,0.0,0.0
30-05-2020 01:00,0.0,0.0
30-05-2020 02:00,0.0,0.0
30-05-2020 08:15,4076.857143,400.4428571
30-05-2020 01:45,0.0,0.0
30-05-2020 21:30,0.0,0.0
30-05-2020 16:15,5265.857143,516.1714286
30-05-2020 10:30,5001.75,490.3625
30-05-2020 16:30,4170.5,409.5875
30-05-2020 20:45,0.0,0.0
30-05-2020 10:15,4139.142857,406.5714286
30-05-2020 10:45,4970.714286,487.3285714
30-05-2020 13:15,10706.375,1045.9
30-05-2020 14:30,9844.571429,962.6428571
30-05-2020 00:45,0.0,0.0
30-05-2020 23:45,0.0,0.0
30-05-2020 06:15,298.625,28.8375
30-05-2020 07:45,2209.0,216.5714286
30-05-2020 19:15,0.0,0.0
30-05-2020 12:30,12228.71429,1192.742857
30-05-2020 13:00,8013.428571,784.3285714
30-05-2020 19:45,0.0,0.0
30-05-2020 23:15,0.0,0.0
30-05-2020 07:00,1599.0,156.3285714
30-05-2020 01:30,0.0,0.0
30-05-2020 13:45,10905.875,1065.825
30-05-2020 12:15,9380.125,916.6875
