timestamp,ac_power,irradiation,module_temperature
2020-05-20 05:45:00,0.0,0.0,18.49
2020-05-20 06:00:00,214.9,0.009,18.81
2020-05-20 06:15:00,917.9,0.0321,19.54
2020-05-20 06:30:00,1510.4,0.051,20.09
2020-05-20 06:45:00,2065.6,0.0714,20.62
2020-05-20 07:00:00,3492.8,0.132,21.74
2020-05-20 07:15:00,5417.4,0.1989,23.9
2020-05-20 07:30:00,7418.6,0.264,26.33
2020-05-20 07:45:00,9282.3,0.3252,28.77
2020-05-20 08:00:00,11258.4,0.3906,31.94
2020-05-20 08:15:00,12735.1,0.4379,35.99
2020-05-20 08:30:00,14616.2,0.4984,38.25
2020-05-20 08:45:00,15052.2,0.5105,40.4
2020-05-20 09:00:00,16942.9,0.5751,41.66
2020-05-20 09:15:00,18104.4,0.6102,43.72
2020-05-20 09:30:00,18776.1,0.6374,44.11
2020-05-20 09:45:00,20560.2,0.7001,46.54
2020-05-20 10:00:00,21938.5,0.7517,48.34
2020-05-20 10:15:00,23596.9,0.8097,49.19
2020-05-20 10:30:00,23504.0,0.8092,51.55
2020-05-20 10:45:00,23708.1,0.8148,51.48
2020-05-20 11:00:00,24704.1,0.8489,52.13
2020-05-20 11:15:00,25928.7,0.9001,53.65
2020-05-20 11:30:00,26904.8,0.9386,54.35
2020-05-20 11:45:00,26246.7,0.9129,56.65
2020-05-20 12:00:00,27155.0,0.9662,56.8
2020-05-20 12:15:00,27515.1,0.9752,58.7
2020-05-20 12:30:00,27383.0,0.9679,59.37
2020-05-20 12:45:00,27250.5,0.9669,58.69
2020-05-20 13:00:00,24816.0,0.8978,56.83
2020-05-20 13:15:00,26106.0,0.9025,56.28
2020-05-20 17:30:00,3987.0,0.1362,31.84
2020-05-20 17:45:00,3334.0,0.1119,31.09
2020-05-20 18:00:00,1767.9,0.0601,29.69
2020-05-20 18:15:00,765.0,0.0264,27.49
2020-05-20 18:30:00,107.9,0.0047,25.83
2020-05-20 18:45:00,0.0,0.0001,24.69
2020-05-21 07:45:00,7494.9,0.3224,30.4
2020-05-21 08:00:00,9250.5,0.3647,33.12
2020-05-21 08:15:00,12291.1,0.396,36.01
2020-05-21 08:30:00,13966.5,0.454,39.49
2020-05-21 08:45:00,16172.9,0.5583,42.19
2020-05-21 09:00:00,17620.9,0.6303,45.97
2020-05-21 09:15:00,18832.9,0.6764,48.75
2020-05-21 09:30:00,21140.1,0.7326,49.73
2020-05-21 09:45:00,21510.5,0.7722,51.03
2020-05-21 10:00:00,13093.9,0.7006,53.52
2020-05-21 10:15:00,15280.9,0.5043,46.87
2020-05-21 10:30:00,20682.8,0.8154,51.68
2020-05-21 10:45:00,22675.6,0.7547,51.8
2020-05-21 11:00:00,22215.9,0.7235,53.29
2020-05-21 11:15:00,27497.3,1.039,56.44
2020-05-21 11:30:00,26801.0,1.0335,61.46
2020-05-21 11:45:00,25476.8,0.8878,60.05
2020-05-21 12:00:00,23022.4,0.8928,57.42
2020-05-21 12:15:00,24017.6,0.888,58.65
2020-05-21 12:30:00,17022.4,0.5801,50.88
2020-05-21 12:45:00,21468.7,0.7466,51.89
2020-05-21 13:00:00,21718.4,0.8005,54.49
2020-05-21 13:15:00,27574.5,0.9618,55.91
2020-05-21 13:30:00,22841.2,0.7765,57.43
2020-05-21 13:45:00,23206.0,0.8613,55.7
2020-05-21 14:00:00,21565.3,0.7413,56.43
2020-05-21 14:15:00,17651.8,0.6329,50.85
2020-05-21 14:30:00,15224.7,0.4586,47.85
2020-05-21 14:45:00,17829.7,0.6134,46.18
2020-05-21 15:00:00,21477.0,0.7409,52.99
2020-05-21 15:15:00,11143.4,0.3559,46.44
2020-05-21 15:30:00,16031.7,0.5635,46.25
2020-05-21 15:45:00,11498.3,0.3743,45.15
2020-05-21 16:00:00,8509.6,0.2736,40.34
2020-05-21 16:15:00,7331.5,0.2397,37.63
2020-05-21 16:30:00,9367.8,0.3016,37.02
2020-05-21 16:45:00,5326.2,0.1653,36.4
2020-05-21 17:00:00,2278.1,0.0705,31.91
2020-05-21 17:15:00,1619.4,0.05,29.72
2020-05-21 17:30:00,1254.4,0.0391,28.57
2020-05-21 17:45:00,927.3,0.0294,27.83
2020-05-21 18:00:00,657.4,0.0213,26.89
2020-05-21 18:15:00,173.3,0.0101,26.27
2020-05-21 18:30:00,0.0,0.0016,25.85
2020-05-22 05:45:00,0.0,0.0011,21.34
2020-05-22 06:00:00,469.1,0.0169,21.61
2020-05-22 06:15:00,1213.1,0.0404,22.2
2020-05-22 06:30:00,1913.5,0.0647,22.82
2020-05-22 06:45:00,2542.0,0.0859,23.91
2020-05-22 07:00:00,3448.6,0.1109,24.74
2020-05-22 07:15:00,7642.8,0.279,28.03
2020-05-22 07:30:00,9752.9,0.356,32.16
2020-05-22 07:45:00,9451.7,0.3454,33.84
2020-05-22 08:00:00,10847.4,0.3929,35.56
2020-05-22 08:15:00,10159.7,0.3585,37.19
2020-05-22 08:30:00,5637.4,0.1885,32.84
2020-05-22 08:45:00,8338.5,0.2671,32.38
2020-05-22 09:00:00,11014.2,0.373,35.65
2020-05-22 09:15:00,12195.8,0.3861,37.53
2020-05-22 09:30:00,13842.8,0.4386,39.87
2020-05-22 09:45:00,11609.8,0.3759,39.34
2020-05-22 10:00:00,14820.0,0.5427,42.07
2020-05-22 10:15:00,20271.3,0.6385,42.97
2020-05-22 10:30:00,12281.8,0.4157,44.69
2020-05-22 10:45:00,18134.7,0.7091,42.75
2020-05-22 11:00:00,17375.3,0.6085,50.25
2020-05-22 11:15:00,16535.3,0.5531,44.39
2020-05-22 11:30:00,27308.2,0.9993,52.59
2020-05-22 11:45:00,26879.8,1.0478,60.63
2020-05-22 12:00:00,27677.4,1.0319,62.21
2020-05-22 12:15:00,21636.8,0.8118,57.93
2020-05-22 12:30:00,20300.4,0.7624,54.4
2020-05-22 12:45:00,24282.6,0.9173,55.89
2020-05-22 13:00:00,23066.5,0.8148,54.86
2020-05-22 13:15:00,24029.8,0.8257,58.45
2020-05-22 13:30:00,23499.6,0.8149,57.86
2020-05-22 13:45:00,19344.0,0.6931,53.53
2020-05-22 14:00:00,21292.7,0.7605,54.66
2020-05-22 14:15:00,18061.1,0.6066,55.09
2020-05-22 14:30:00,23295.4,0.8099,52.97
2020-05-22 14:45:00,22520.0,0.7799,56.02
2020-05-22 15:00:00,20633.3,0.7279,55.63
2020-05-22 15:15:00,13937.5,0.4684,51.3
2020-05-22 15:30:00,9225.4,0.3465,43.59
2020-05-22 15:45:00,9826.5,0.3181,43.13
2020-05-22 16:00:00,6892.1,0.2234,39.08
2020-05-22 16:15:00,5992.0,0.1951,37.03
2020-05-22 16:30:00,4807.9,0.1563,34.96
2020-05-22 16:45:00,4161.2,0.1359,33.62
2020-05-22 17:00:00,3467.9,0.1132,32.48
2020-05-22 17:15:00,2558.1,0.0838,31.36
2020-05-22 17:30:00,1710.0,0.0561,30.15
2020-05-22 17:45:00,1090.2,0.0369,29.1
2020-05-22 18:00:00,598.6,0.0214,28.12
2020-05-22 18:15:00,237.4,0.01,27.25
2020-05-22 18:30:00,0.0,0.002,26.63
2020-05-22 18:45:00,0.0,0.0,26.24
2020-05-23 06:45:00,1419.5,0.0454,22.09
2020-05-23 07:00:00,2173.4,0.0698,22.99
2020-05-23 07:15:00,4469.7,0.1464,24.9
2020-05-23 07:30:00,6914.2,0.2291,27.91
2020-05-23 07:45:00,8061.2,0.2691,30.98
2020-05-23 08:00:00,9556.6,0.3245,33.29
2020-05-23 08:15:00,14317.2,0.4946,38.04
2020-05-23 08:30:00,16905.4,0.5895,43.59
2020-05-23 08:45:00,16491.0,0.5691,43.81
2020-05-23 09:00:00,17682.5,0.6138,44.58
2020-05-23 09:15:00,19113.1,0.6626,46.69
2020-05-23 09:30:00,17471.0,0.6175,47.79
2020-05-23 09:45:00,19630.3,0.711,45.23
2020-05-23 10:00:00,19438.2,0.6738,48.96
2020-05-23 10:15:00,18929.5,0.6361,47.41
2020-05-23 10:30:00,18808.4,0.6137,48.69
2020-05-23 10:45:00,21101.0,0.8168,49.08
2020-05-23 11:00:00,22472.7,0.8012,52.9
2020-05-23 11:15:00,26868.6,0.9688,56.46
2020-05-23 11:30:00,27225.1,0.9842,59.88
2020-05-23 11:45:00,27585.1,1.0037,60.19
2020-05-23 12:00:00,26966.8,0.9624,58.55
2020-05-23 12:15:00,28516.9,1.1123,63.34
2020-05-23 12:30:00,25656.2,0.9549,65.55
2020-05-23 12:45:00,19347.4,0.6679,58.53
2020-05-23 13:00:00,23148.3,0.7917,55.54
2020-05-23 13:15:00,24999.9,0.8928,58.09
2020-05-23 13:30:00,25824.1,0.9361,59.1
2020-05-23 13:45:00,26860.4,0.9901,62.58
2020-05-23 14:00:00,22209.6,0.7816,60.39
2020-05-23 14:15:00,17364.0,0.5945,53.16
2020-05-23 14:30:00,16203.2,0.5455,51.33
2020-05-23 14:45:00,15398.6,0.5062,48.28
2020-05-23 15:00:00,12773.4,0.4041,46.37
2020-05-23 15:15:00,16339.4,0.4856,46.35
2020-05-23 15:30:00,19228.1,0.63,49.76
2020-05-23 15:45:00,16075.0,0.5362,49.51
2020-05-23 16:00:00,14006.4,0.491,48.91
2020-05-23 16:15:00,12652.0,0.4452,47.12
2020-05-23 16:30:00,11892.3,0.3891,43.64
2020-05-23 16:45:00,8733.5,0.2979,41.18
2020-05-23 17:00:00,7164.7,0.2462,37.79
2020-05-23 17:15:00,6049.1,0.2081,35.77
2020-05-23 17:30:00,4381.9,0.1451,33.88
2020-05-23 17:45:00,3374.9,0.1122,32.23
2020-05-23 18:00:00,2791.7,0.0928,31.52
2020-05-23 18:15:00,1223.8,0.0412,29.91
2020-05-23 18:30:00,69.2,0.0051,27.99
2020-05-23 18:45:00,0.0,0.0001,26.83
2020-05-24 05:45:00,0.0,0.0006,20.09
2020-05-24 06:00:00,229.5,0.0096,20.11
2020-05-24 06:15:00,851.3,0.0291,20.84
2020-05-24 06:30:00,1586.6,0.0524,22.09
2020-05-24 06:45:00,2550.6,0.0862,23.69
2020-05-24 07:00:00,3803.4,0.1537,25.75
2020-05-24 07:15:00,5254.5,0.2052,28.0
2020-05-24 07:30:00,6935.7,0.266,30.64
2020-05-24 07:45:00,8648.4,0.3234,33.56
2020-05-24 08:00:00,10366.9,0.3727,35.4
2020-05-24 08:15:00,11275.0,0.3612,35.31
2020-05-24 08:30:00,15020.8,0.5357,38.64
2020-05-24 08:45:00,11194.0,0.3637,39.07
2020-05-24 09:00:00,16240.2,0.5657,40.4
2020-05-24 09:15:00,14791.3,0.4189,41.32
2020-05-24 09:30:00,17606.0,0.5639,43.69
2020-05-24 09:45:00,13575.4,0.5172,42.95
2020-05-24 10:00:00,15625.3,0.5805,43.06
2020-05-24 10:15:00,18202.8,0.5855,43.79
2020-05-24 10:30:00,20087.2,0.7167,47.53
2020-05-24 10:45:00,25115.5,0.8834,52.17
2020-05-24 11:00:00,23046.9,0.7758,56.55
2020-05-24 11:15:00,23987.6,0.8679,54.68
2020-05-24 11:30:00,24898.6,0.9587,58.19
2020-05-24 11:45:00,24897.8,0.8569,57.58
2020-05-24 12:00:00,25558.0,0.9669,58.32
2020-05-24 12:15:00,26957.6,0.9758,60.33
2020-05-24 12:30:00,24999.1,0.9489,60.43
2020-05-24 12:45:00,25867.6,0.9421,61.35
2020-05-24 13:00:00,26105.7,0.9394,61.74
2020-05-24 13:15:00,25481.6,0.9194,60.96
2020-05-24 13:30:00,20462.9,0.7932,61.58
2020-05-24 13:45:00,25119.1,0.8476,57.53
2020-05-24 14:00:00,19252.7,0.8334,59.17
2020-05-24 14:15:00,23340.1,0.8323,58.27
2020-05-24 14:30:00,17492.5,0.6666,56.12
2020-05-24 14:45:00,19968.5,0.6782,52.48
2020-05-24 15:00:00,18834.0,0.6847,52.99
2020-05-24 15:15:00,12838.8,0.4766,54.01
2020-05-24 15:30:00,8368.9,0.2387,45.37
2020-05-24 15:45:00,6605.6,0.2145,40.1
2020-05-24 16:00:00,9055.9,0.2873,38.61
2020-05-24 16:15:00,8637.1,0.2896,42.48
2020-05-24 16:30:00,7539.7,0.2425,40.12
2020-05-24 16:45:00,8716.8,0.3035,39.12
2020-05-24 17:00:00,8648.0,0.2947,40.37
2020-05-24 17:15:00,5678.2,0.2,38.3
2020-05-24 17:30:00,3749.6,0.1373,35.02
2020-05-24 17:45:00,2333.3,0.0881,32.59
2020-05-24 18:00:00,1303.6,0.0456,30.55
2020-05-24 18:15:00,793.0,0.027,29.09
2020-05-24 18:30:00,318.4,0.0113,28.06
2020-05-24 18:45:00,0.0,0.0013,27.26
2020-05-25 06:00:00,0.0,0.0143,21.02
2020-05-25 06:15:00,872.1,0.0331,21.45
2020-05-25 06:30:00,1540.5,0.0506,22.08
2020-05-25 06:45:00,2517.5,0.0832,22.77
2020-05-25 07:00:00,3717.3,0.1487,23.58
2020-05-25 07:15:00,5265.2,0.2036,25.62
2020-05-25 07:30:00,5931.2,0.2029,28.33
2020-05-25 07:45:00,7812.4,0.2813,30.01
2020-05-25 08:00:00,7521.6,0.2421,31.77
2020-05-25 08:15:00,12724.5,0.4446,34.99
2020-05-25 08:30:00,14383.3,0.5047,40.26
2020-05-25 08:45:00,15991.0,0.557,43.3
2020-05-25 09:00:00,17778.8,0.6182,45.55
2020-05-25 09:15:00,19201.7,0.6704,48.36
2020-05-25 09:30:00,20464.2,0.7148,49.31
2020-05-25 09:45:00,21712.9,0.763,51.14
2020-05-25 10:00:00,22572.0,0.8024,52.74
2020-05-25 10:15:00,22560.2,0.8342,53.5
2020-05-25 10:30:00,24013.7,0.8628,55.37
2020-05-25 10:45:00,24964.3,0.8917,58.03
2020-05-25 11:00:00,25487.8,0.9132,59.36
2020-05-25 11:15:00,25881.6,0.9288,60.13
2020-05-25 11:30:00,26336.7,0.948,60.58
2020-05-25 11:45:00,26779.5,0.9588,58.14
2020-05-25 12:00:00,26812.6,0.9652,58.97
2020-05-25 12:15:00,27011.3,0.9706,58.26
2020-05-25 12:30:00,26953.0,0.9666,58.67
2020-05-25 12:45:00,26702.4,0.96,60.75
2020-05-25 13:00:00,26370.9,0.9453,60.1
2020-05-25 13:15:00,25592.5,0.9131,60.87
2020-05-25 13:30:00,24488.3,0.8658,60.26
2020-05-25 13:45:00,24972.7,0.8793,59.38
2020-05-25 14:00:00,24446.1,0.8607,58.81
2020-05-25 14:15:00,22654.5,0.7999,59.18
2020-05-25 14:30:00,21769.7,0.7431,56.66
2020-05-25 14:45:00,20173.3,0.7603,54.99
2020-05-25 15:00:00,21725.0,0.7549,57.55
2020-05-25 15:15:00,19113.2,0.6774,54.87
2020-05-25 15:30:00,16997.9,0.5049,49.95
2020-05-25 15:45:00,18316.9,0.6294,50.89
2020-05-25 16:00:00,16513.5,0.5514,51.99
2020-05-25 16:15:00,9337.3,0.3061,46.15
2020-05-25 16:30:00,4258.8,0.1337,39.09
2020-05-25 16:45:00,2841.0,0.0878,34.76
2020-05-25 17:00:00,2421.2,0.0755,33.21
2020-05-25 17:15:00,2080.5,0.0675,32.52
2020-05-25 17:30:00,1488.7,0.0506,31.91
2020-05-25 17:45:00,1037.2,0.0368,30.83
2020-05-25 18:00:00,916.4,0.0324,28.88
2020-05-25 18:15:00,479.2,0.0166,27.36
2020-05-25 18:30:00,72.0,0.0038,26.17
2020-05-25 18:45:00,0.0,0.0,25.13
2020-05-26 05:45:00,0.0,0.0008,19.99
2020-05-26 06:00:00,265.9,0.0106,20.23
2020-05-26 06:15:00,835.0,0.0288,20.67
2020-05-26 06:30:00,1602.1,0.0507,21.28
2020-05-26 06:45:00,2594.3,0.0848,22.29
2020-05-26 07:00:00,3933.3,0.1583,23.87
2020-05-26 07:15:00,5519.8,0.2153,26.17
2020-05-26 07:30:00,7208.6,0.2717,29.17
2020-05-26 07:45:00,9048.3,0.3306,32.16
2020-05-26 08:00:00,10928.5,0.3958,35.5
2020-05-26 08:15:00,12720.3,0.4514,39.09
2020-05-26 08:30:00,14481.4,0.508,41.78
2020-05-26 08:45:00,16126.4,0.5608,43.46
2020-05-26 09:00:00,17675.5,0.6153,45.21
2020-05-26 09:15:00,19036.3,0.6664,48.98
2020-05-26 09:30:00,20427.8,0.7201,51.05
2020-05-26 09:45:00,21086.9,0.766,53.27
2020-05-26 10:00:00,22916.1,0.8155,54.08
2020-05-26 10:15:00,21116.8,0.7193,55.35
2020-05-26 10:30:00,25270.4,0.9841,57.32
2020-05-26 10:45:00,24059.1,0.8521,59.42
2020-05-26 11:00:00,26148.8,0.9886,56.94
2020-05-26 11:15:00,16646.9,0.5804,55.36
2020-05-26 11:30:00,23523.8,0.8388,57.03
2020-05-26 11:45:00,21017.3,0.7053,52.63
2020-05-26 12:00:00,22622.5,0.6881,53.41
2020-05-26 12:15:00,27163.7,1.0542,59.13
2020-05-26 12:30:00,16823.0,0.5449,54.04
2020-05-26 12:45:00,26211.3,1.0086,59.72
2020-05-26 13:00:00,17596.4,0.6824,60.18
2020-05-26 13:15:00,18488.1,0.5918,50.04
2020-05-26 13:30:00,23122.2,0.8181,58.15
2020-05-26 13:45:00,26400.7,0.9566,61.56
2020-05-26 14:00:00,17828.3,0.7188,59.66
2020-05-26 14:15:00,7447.3,0.2435,48.43
2020-05-26 14:30:00,15467.1,0.4453,44.46
2020-05-26 14:45:00,9824.2,0.3025,43.78
2020-05-26 15:00:00,9739.7,0.3274,41.69
2020-05-26 15:15:00,9167.6,0.3191,42.83
2020-05-26 15:30:00,17367.2,0.5361,46.56
2020-05-26 15:45:00,16260.2,0.5287,48.23
2020-05-26 16:00:00,11034.6,0.3709,46.34
2020-05-26 16:15:00,13625.3,0.4516,44.92
2020-05-26 16:30:00,11565.3,0.3931,43.83
2020-05-26 16:45:00,12835.8,0.4251,42.8
2020-05-26 17:00:00,9125.3,0.311,42.6
2020-05-26 17:15:00,2164.8,0.0699,36.05
2020-05-26 17:30:00,1377.9,0.0441,31.67
2020-05-26 17:45:00,1071.0,0.0353,30.25
2020-05-26 18:00:00,785.4,0.0266,29.09
2020-05-26 18:15:00,179.1,0.0245,28.17
2020-05-26 18:30:00,0.0,0.0123,27.43
2020-05-26 18:45:00,0.0,0.0007,26.52
2020-05-27 05:45:00,0.0,0.0008,21.41
2020-05-27 06:00:00,301.3,0.0118,21.41
2020-05-27 06:15:00,796.7,0.0276,21.66
2020-05-27 06:30:00,1767.6,0.0606,22.57
2020-05-27 06:45:00,3259.9,0.1113,23.86
2020-05-27 07:00:00,4209.0,0.1617,24.94
2020-05-27 07:15:00,4217.1,0.1542,25.49
2020-05-27 07:30:00,7297.7,0.2543,29.43
2020-05-27 07:45:00,8485.3,0.302,33.47
2020-05-27 08:00:00,10070.2,0.3425,35.97
2020-05-27 08:15:00,12468.3,0.4532,38.97
2020-05-27 08:30:00,12155.0,0.4485,40.54
2020-05-27 08:45:00,15489.1,0.5602,41.08
2020-05-27 09:00:00,17336.9,0.6135,44.28
2020-05-27 09:15:00,17893.5,0.6315,47.59
2020-05-27 09:30:00,18493.1,0.6908,49.27
2020-05-27 09:45:00,18059.8,0.6265,50.96
2020-05-27 10:00:00,17598.7,0.6664,47.64
2020-05-27 10:15:00,13316.1,0.4553,46.96
2020-05-27 10:30:00,18280.3,0.612,47.72
2020-05-27 10:45:00,15787.5,0.5632,47.42
2020-05-27 11:00:00,16477.1,0.5622,49.97
2020-05-27 11:15:00,24291.8,0.8337,50.71
2020-05-27 11:30:00,26215.6,0.9659,60.84
2020-05-27 11:45:00,20899.3,0.7546,61.51
2020-05-27 12:00:00,25971.9,1.0366,62.42
2020-05-27 12:15:00,16976.7,0.5983,59.95
2020-05-27 12:30:00,14987.7,0.5749,51.93
2020-05-27 12:45:00,16769.0,0.6274,53.33
2020-05-27 13:00:00,19769.5,0.7175,52.57
2020-05-27 13:15:00,10534.5,0.3489,48.46
2020-05-27 13:30:00,9377.6,0.2995,42.76
2020-05-27 13:45:00,9609.1,0.3057,42.2
2020-05-27 14:00:00,9189.6,0.3037,41.91
2020-05-27 14:15:00,8869.8,0.2857,42.76
2020-05-27 14:30:00,20327.0,0.6555,47.22
2020-05-27 14:45:00,10848.2,0.3613,49.88
2020-05-27 15:00:00,10883.8,0.3312,45.93
2020-05-27 15:15:00,9156.2,0.2769,43.37
2020-05-27 15:30:00,18035.3,0.616,44.44
2020-05-27 15:45:00,13428.1,0.4623,48.13
2020-05-27 16:00:00,13821.6,0.4763,44.19
2020-05-27 16:15:00,11097.0,0.3651,43.24
2020-05-27 16:30:00,10665.6,0.3656,42.74
2020-05-27 16:45:00,6652.4,0.2224,39.38
2020-05-27 17:00:00,5706.0,0.1805,35.77
2020-05-27 17:15:00,3840.2,0.1241,33.63
2020-05-27 17:30:00,1961.2,0.0633,31.56
2020-05-27 17:45:00,1293.1,0.0423,30.15
2020-05-27 18:00:00,637.0,0.0209,28.89
2020-05-27 18:15:00,127.1,0.0098,27.79
2020-05-27 18:30:00,5.7,0.002,26.45
2020-05-27 19:15:00,0.0,0.0001,25.78
2020-05-27 19:30:00,0.0,0.0,24.53
2020-05-28 05:45:00,0.0,0.0004,19.2
2020-05-28 06:00:00,320.0,0.0112,19.32
2020-05-28 06:15:00,918.9,0.0308,19.69
2020-05-28 06:30:00,1699.0,0.0526,20.37
2020-05-28 06:45:00,2799.3,0.092,21.51
2020-05-28 07:00:00,4195.2,0.1744,23.57
2020-05-28 07:15:00,5769.1,0.2293,27.52
2020-05-28 07:30:00,7406.2,0.2846,31.04
2020-05-28 07:45:00,9171.8,0.3393,33.98
2020-05-28 08:00:00,10821.4,0.3906,36.96
2020-05-28 08:15:00,12634.3,0.4475,39.14
2020-05-28 08:30:00,14491.7,0.5073,40.8
2020-05-28 08:45:00,16322.9,0.5679,43.48
2020-05-28 09:00:00,17716.7,0.6186,44.79
2020-05-28 09:15:00,19026.9,0.6628,46.07
2020-05-28 09:30:00,20360.3,0.7143,48.6
2020-05-28 09:45:00,20765.9,0.7337,49.26
2020-05-28 10:00:00,22032.7,0.8091,50.22
2020-05-28 10:15:00,22781.2,0.8296,51.94
2020-05-28 10:30:00,21123.5,0.8182,54.25
2020-05-28 10:45:00,20299.1,0.7253,55.06
2020-05-28 11:00:00,23627.3,0.8073,51.16
2020-05-28 11:15:00,26766.4,0.9598,57.98
2020-05-28 11:30:00,27674.2,1.0098,59.5
2020-05-28 11:45:00,26917.8,0.9628,59.99
2020-05-28 12:00:00,25870.6,0.9275,59.6
2020-05-28 12:15:00,27749.5,1.0637,60.04
2020-05-28 12:30:00,23658.1,0.8012,58.44
2020-05-28 12:45:00,25921.6,0.9087,58.21
2020-05-28 13:00:00,27568.9,1.0082,60.93
2020-05-28 13:15:00,22218.8,0.8774,61.48
2020-05-28 13:30:00,15553.3,0.5137,49.77
2020-05-28 13:45:00,21378.8,0.7417,49.82
2020-05-28 14:00:00,20218.9,0.7186,56.55
2020-05-28 14:15:00,10330.7,0.4033,46.82
2020-05-28 14:30:00,17519.5,0.5518,48.51
2020-05-28 14:45:00,17363.8,0.5378,46.83
2020-05-28 15:00:00,21563.6,0.7398,51.45
2020-05-28 15:15:00,18478.5,0.6422,50.98
2020-05-28 15:30:00,17295.1,0.5725,49.21
2020-05-28 15:45:00,13227.3,0.4794,47.06
2020-05-28 16:00:00,6349.7,0.207,42.8
2020-05-28 16:15:00,9557.4,0.3152,40.3
2020-05-28 16:30:00,9345.7,0.3207,40.07
2020-05-28 16:45:00,8025.3,0.2913,38.69
2020-05-28 17:00:00,7041.8,0.2349,38.58
2020-05-28 17:15:00,5646.7,0.1959,37.49
2020-05-28 17:30:00,2414.1,0.0836,34.11
2020-05-28 17:45:00,1467.3,0.0518,31.63
2020-05-28 18:00:00,1016.0,0.0359,30.53
2020-05-28 18:15:00,569.9,0.0207,30.0
2020-05-28 18:30:00,126.9,0.0074,29.32
2020-05-28 18:45:00,0.0,0.0013,27.98
2020-05-29 06:15:00,1080.4,0.0409,20.17
2020-05-29 06:30:00,2099.7,0.0663,20.99
2020-05-29 06:45:00,3273.4,0.0999,21.92
2020-05-29 07:00:00,4231.4,0.1301,24.12
2020-05-29 07:15:00,4268.8,0.1339,26.07
2020-05-29 07:30:00,4791.3,0.1529,26.96
2020-05-29 07:45:00,5848.9,0.1888,28.18
2020-05-29 08:00:00,7222.8,0.2336,29.93
2020-05-29 08:15:00,9220.0,0.2997,32.7
2020-05-29 08:30:00,10845.2,0.3592,35.26
2020-05-29 08:45:00,11963.3,0.3933,37.55
2020-05-29 09:00:00,14808.6,0.4836,40.13
2020-05-29 09:15:00,19528.4,0.684,47.31
2020-05-29 09:30:00,14002.5,0.4852,47.16
2020-05-29 09:45:00,18176.4,0.6189,47.07
2020-05-29 10:00:00,18782.1,0.6259,47.86
2020-05-29 10:15:00,25492.1,0.9225,56.18
2020-05-29 10:30:00,25920.4,0.9426,59.35
2020-05-29 10:45:00,24586.0,0.8806,57.82
2020-05-29 11:00:00,25039.8,0.8985,58.55
2020-05-29 11:15:00,23529.8,0.8448,57.73
2020-05-29 11:30:00,19947.0,0.7257,54.05
2020-05-29 11:45:00,27085.7,1.0519,57.48
2020-05-29 12:00:00,25494.7,0.876,61.43
2020-05-29 12:15:00,21911.8,0.7119,58.23
2020-05-29 12:30:00,25621.7,0.9073,58.43
2020-05-29 12:45:00,26621.6,0.964,62.09
2020-05-29 13:00:00,26889.6,0.975,63.14
2020-05-29 13:15:00,24891.8,0.9064,63.19
2020-05-29 13:30:00,23555.9,0.8709,58.44
2020-05-29 13:45:00,19095.7,0.6317,58.87
2020-05-29 14:00:00,14366.0,0.4716,50.16
2020-05-29 14:15:00,19973.1,0.7254,51.54
2020-05-29 14:30:00,17602.8,0.6113,53.65
2020-05-29 14:45:00,18957.3,0.6526,53.02
2020-05-29 15:00:00,16593.1,0.5594,52.77
2020-05-29 15:15:00,16108.2,0.5193,51.22
2020-05-29 15:30:00,15076.8,0.5249,48.93
2020-05-29 15:45:00,15753.6,0.5349,48.32
2020-05-29 16:00:00,14501.4,0.4842,47.41
2020-05-29 16:15:00,13762.1,0.4572,46.42
2020-05-29 16:30:00,9019.3,0.3027,43.55
2020-05-29 16:45:00,7803.8,0.2566,39.61
2020-05-29 17:00:00,6927.2,0.2276,36.7
2020-05-29 17:15:00,4987.7,0.1633,34.96
2020-05-29 17:30:00,2654.9,0.087,32.11
2020-05-29 17:45:00,1972.1,0.0651,30.09
2020-05-29 18:00:00,951.0,0.0333,28.66
2020-05-29 18:15:00,269.5,0.0104,27.22
2020-05-29 18:30:00,3.8,0.0031,26.25
2020-05-30 05:45:00,0.0,0.0011,19.83
2020-05-30 06:00:00,157.9,0.0078,19.75
2020-05-30 06:15:00,667.6,0.023,20.1
2020-05-30 06:30:00,1492.4,0.0504,20.92
2020-05-30 06:45:00,2570.3,0.0836,21.91
2020-05-30 07:00:00,3660.3,0.1167,22.95
2020-05-30 07:15:00,4741.0,0.1505,24.75
2020-05-30 07:30:00,4319.6,0.1372,25.54
2020-05-30 07:45:00,5059.8,0.1636,27.12
2020-05-30 08:00:00,6654.3,0.2194,28.89
2020-05-30 08:15:00,9354.3,0.3193,32.51
2020-05-30 08:30:00,7725.3,0.2575,34.3
2020-05-30 08:45:00,7459.6,0.2415,33.92
2020-05-30 09:00:00,8148.5,0.2589,33.28
2020-05-30 09:15:00,11679.5,0.3711,34.41
2020-05-30 09:30:00,13496.5,0.4309,37.56
2020-05-30 09:45:00,10051.4,0.3136,35.66
2020-05-30 10:00:00,10074.9,0.3041,32.24
2020-05-30 10:15:00,9410.0,0.2777,30.93
2020-05-30 10:30:00,11363.8,0.337,30.4
2020-05-30 10:45:00,11533.1,0.3487,32.48
2020-05-30 11:00:00,14084.4,0.4263,35.46
2020-05-30 11:15:00,21900.2,0.7156,41.66
2020-05-30 11:30:00,16961.8,0.5616,44.67
2020-05-30 11:45:00,18955.9,0.624,46.7
2020-05-30 12:00:00,29150.2,1.1511,57.69
2020-05-30 12:15:00,21316.5,0.7998,62.92
2020-05-30 12:30:00,27642.7,1.1226,60.84
2020-05-30 12:45:00,21654.7,0.7717,62.35
2020-05-30 13:00:00,18959.5,0.6455,53.63
2020-05-30 13:15:00,24953.0,0.9493,56.03
2020-05-30 13:30:00,22743.8,0.8056,53.39
2020-05-30 13:45:00,25164.7,0.8897,55.03
2020-05-30 14:00:00,24754.4,0.8864,54.66
2020-05-30 14:15:00,24355.0,0.8508,54.58
2020-05-30 14:30:00,22697.2,0.7769,52.09
2020-05-30 14:45:00,21694.9,0.7406,52.51
2020-05-30 15:00:00,20523.8,0.6984,51.01
2020-05-30 15:15:00,19094.9,0.6434,47.81
2020-05-30 15:30:00,17673.7,0.5931,47.67
2020-05-30 15:45:00,16152.8,0.5397,46.92
2020-05-30 16:00:00,14492.1,0.4817,44.57
2020-05-30 16:15:00,12366.8,0.4227,42.35
2020-05-30 16:30:00,9015.1,0.3144,39.94
2020-05-30 16:45:00,9005.2,0.3053,37.86
2020-05-30 17:00:00,7339.6,0.2548,36.66
2020-05-30 17:15:00,5649.9,0.2019,34.47
2020-05-30 17:30:00,3839.9,0.141,32.64
2020-05-30 17:45:00,2193.9,0.0771,30.6
2020-05-30 18:00:00,1410.3,0.0479,28.7
2020-05-30 18:15:00,611.4,0.0194,27.2
2020-05-30 18:30:00,64.8,0.0034,25.64
2020-05-31 05:45:00,0.0,0.0013,20.78
2020-05-31 06:00:00,212.1,0.0093,20.88
2020-05-31 06:15:00,973.0,0.0316,21.23
2020-05-31 06:30:00,1741.5,0.0565,22.1
2020-05-31 06:45:00,2219.7,0.0717,22.81
2020-05-31 07:00:00,2570.5,0.0825,23.13
2020-05-31 07:15:00,2838.2,0.0893,23.73
2020-05-31 07:30:00,4273.8,0.1332,24.94
2020-05-31 07:45:00,4901.3,0.1522,26.08
2020-05-31 08:00:00,5857.3,0.1821,26.79
2020-05-31 08:15:00,7699.5,0.2427,29.06
2020-05-31 08:30:00,9423.3,0.3069,32.55
2020-05-31 08:45:00,14896.1,0.5097,36.21
2020-05-31 09:00:00,15137.4,0.5059,42.95
2020-05-31 09:15:00,11458.9,0.3546,41.68
2020-05-31 09:30:00,17958.4,0.6364,42.41
2020-05-31 09:45:00,13723.4,0.4282,42.27
2020-05-31 10:00:00,13752.1,0.4726,41.78
2020-05-31 10:15:00,22443.7,0.7297,42.07
2020-05-31 10:30:00,26651.3,1.0192,52.7
2020-05-31 10:45:00,20095.9,0.7243,52.41
2020-05-31 11:00:00,18002.8,0.5205,47.2
2020-05-31 11:15:00,22416.2,0.6366,47.37
2020-05-31 11:30:00,24340.4,0.7692,48.29
2020-05-31 11:45:00,17281.0,0.5182,51.37
2020-05-31 12:00:00,19209.1,0.6357,49.66
2020-05-31 12:15:00,18339.0,0.6614,51.26
2020-05-31 12:30:00,15107.0,0.4783,48.67
2020-05-31 12:45:00,27863.7,1.0343,56.96
2020-05-31 13:00:00,19025.0,0.6816,58.3
2020-05-31 13:15:00,13622.3,0.5264,54.56
2020-05-31 13:30:00,11779.0,0.4112,48.07
2020-05-31 13:45:00,12051.5,0.4419,41.77
2020-05-31 14:00:00,22991.6,0.8759,55.29
2020-05-31 14:15:00,17164.0,0.5885,54.79
2020-05-31 14:30:00,4861.4,0.1551,40.59
2020-05-31 14:45:00,5989.0,0.181,35.28
2020-05-31 15:00:00,4692.0,0.1419,31.2
2020-05-31 15:15:00,4410.8,0.1321,30.09
2020-05-31 15:30:00,7069.6,0.2162,32.34
2020-05-31 15:45:00,6602.0,0.2056,33.55
2020-05-31 16:00:00,6474.6,0.199,33.74
2020-05-31 16:15:00,4624.2,0.1415,32.58
2020-05-31 16:30:00,3910.0,0.1193,31.48
2020-05-31 16:45:00,3905.6,0.1215,31.02
2020-05-31 17:00:00,4243.7,0.1329,31.05
2020-05-31 17:15:00,3855.0,0.1224,30.95
2020-05-31 17:30:00,3010.6,0.0971,30.29
2020-05-31 17:45:00,2234.6,0.0713,29.28
2020-05-31 18:00:00,1426.6,0.0467,28.14
2020-05-31 18:15:00,559.4,0.0192,26.82
2020-05-31 18:30:00,50.2,0.0034,25.49
2020-06-01 05:45:00,0.0,0.0001,19.48
2020-06-01 06:00:00,165.0,0.0083,19.97
2020-06-01 06:15:00,957.9,0.0331,20.76
2020-06-01 06:30:00,2051.1,0.0686,21.54
2020-06-01 06:45:00,3330.2,0.1092,22.35
2020-06-01 07:00:00,4552.7,0.1612,23.34
2020-06-01 07:15:00,6716.5,0.2421,24.91
2020-06-01 07:30:00,9060.5,0.3281,28.48
2020-06-01 07:45:00,10644.9,0.3831,32.23
2020-06-01 08:00:00,13254.6,0.4699,35.2
2020-06-01 08:15:00,12401.3,0.4473,37.06
2020-06-01 08:30:00,12440.2,0.4222,40.64
2020-06-01 08:45:00,14504.4,0.5073,40.94
2020-06-01 09:00:00,15079.1,0.5361,45.11
2020-06-01 09:15:00,12739.4,0.4203,42.3
2020-06-01 09:30:00,13342.6,0.4341,43.37
2020-06-01 09:45:00,15846.3,0.5378,43.06
2020-06-01 10:00:00,16691.8,0.5835,49.0
2020-06-01 10:15:00,18858.1,0.723,49.11
2020-06-01 10:30:00,25290.6,0.9243,54.62
2020-06-01 10:45:00,24875.1,0.9313,56.35
2020-06-01 11:00:00,22940.2,1.0166,58.6
2020-06-01 11:15:00,21767.9,0.4945,55.35
2020-06-01 11:30:00,26393.8,1.0895,54.12
2020-06-01 11:45:00,12172.3,0.3713,52.62
2020-06-01 12:00:00,11351.0,0.357,42.72
2020-06-01 12:15:00,14862.9,0.6197,49.08
2020-06-01 12:30:00,16115.5,0.5803,49.85
2020-06-01 12:45:00,8665.4,0.2834,43.14
2020-06-01 13:00:00,14748.5,0.4579,39.97
2020-06-01 13:15:00,20189.0,0.7342,50.97
2020-06-01 13:30:00,20957.7,0.6674,36.62
2020-06-01 13:45:00,13970.6,0.4803,42.37
2020-06-01 14:00:00,6139.1,0.1938,40.06
2020-06-01 14:15:00,7184.1,0.216,26.91
2020-06-01 14:30:00,10805.0,0.3338,32.77
2020-06-01 14:45:00,6458.0,0.1976,32.65
2020-06-01 15:00:00,6254.8,0.1836,31.68
2020-06-01 15:15:00,4300.3,0.1274,30.74
2020-06-01 15:30:00,3794.4,0.1128,29.48
2020-06-01 15:45:00,3104.9,0.0941,28.57
2020-06-01 16:00:00,3623.0,0.1078,28.46
2020-06-01 16:15:00,4206.6,0.128,29.28
2020-06-01 16:30:00,3747.7,0.1145,29.58
2020-06-01 16:45:00,3475.1,0.1061,29.16
2020-06-01 17:00:00,2819.3,0.0867,28.07
2020-06-01 17:15:00,2092.9,0.064,27.0
2020-06-01 17:30:00,1472.9,0.0459,26.36
2020-06-01 17:45:00,1488.7,0.0509,26.0
2020-06-01 18:00:00,1168.0,0.0398,25.63
2020-06-01 18:15:00,571.4,0.0204,24.89
2020-06-01 18:30:00,48.1,0.003,23.88
2020-06-02 05:45:00,0.0,0.0001,19.98
2020-06-02 06:00:00,164.0,0.0079,20.01
2020-06-02 06:15:00,853.8,0.0291,21.38
2020-06-02 06:30:00,1030.2,0.035,22.13
2020-06-02 06:45:00,1725.2,0.0563,22.76
2020-06-02 07:00:00,3624.8,0.1171,23.61
2020-06-02 07:15:00,3749.9,0.1163,24.59
2020-06-02 07:30:00,4520.2,0.1413,25.25
2020-06-02 07:45:00,5085.4,0.1599,27.41
2020-06-02 08:00:00,9063.3,0.2781,30.35
2020-06-02 08:15:00,17763.5,0.6296,40.45
2020-06-02 08:30:00,17697.0,0.6404,47.5
2020-06-02 08:45:00,15895.6,0.5468,45.98
2020-06-02 09:00:00,14206.3,0.4846,43.07
2020-06-02 09:15:00,19243.5,0.6401,45.66
2020-06-02 09:30:00,20480.8,0.7172,47.42
2020-06-02 09:45:00,21274.7,0.7473,51.14
2020-06-02 10:00:00,20333.5,0.703,50.47
2020-06-02 10:15:00,15189.2,0.503,46.4
2020-06-02 10:30:00,14991.1,0.4807,40.64
2020-06-02 10:45:00,19899.1,0.6439,43.5
2020-06-02 11:00:00,19943.4,0.672,46.21
2020-06-02 11:15:00,14941.9,0.4833,44.5
2020-06-02 11:30:00,13746.1,0.4342,40.48
2020-06-02 11:45:00,13280.0,0.4161,39.89
2020-06-02 12:00:00,17731.1,0.5639,40.12
2020-06-02 12:15:00,20651.8,0.6928,45.23
2020-06-02 12:30:00,19319.0,0.6629,44.16
2020-06-02 12:45:00,23453.3,0.7909,47.34
2020-06-02 13:00:00,26622.6,0.8853,48.28
2020-06-02 13:15:00,25811.3,0.8743,49.07
2020-06-02 13:30:00,21793.4,0.7079,45.63
2020-06-02 13:45:00,27303.5,0.9343,49.34
2020-06-02 14:00:00,14480.6,0.4638,43.49
2020-06-02 14:15:00,15683.8,0.5004,39.81
2020-06-02 14:30:00,19186.5,0.6421,39.42
2020-06-02 14:45:00,19195.7,0.6383,45.11
2020-06-02 15:00:00,14315.9,0.4526,40.54
2020-06-02 15:15:00,11630.4,0.3633,36.57
2020-06-02 15:30:00,12866.8,0.4027,36.35
2020-06-02 15:45:00,14041.7,0.4305,37.54
2020-06-02 16:00:00,14791.3,0.4789,38.26
2020-06-02 16:15:00,10719.5,0.3319,37.85
2020-06-02 16:30:00,9828.4,0.3038,34.19
2020-06-02 16:45:00,6713.4,0.2138,31.92
2020-06-02 17:00:00,6018.7,0.1891,29.73
2020-06-02 17:15:00,3316.8,0.1091,28.12
2020-06-02 17:30:00,1990.4,0.067,26.19
2020-06-02 17:45:00,1281.1,0.0454,25.41
2020-06-02 18:00:00,729.6,0.0277,24.48
2020-06-02 18:15:00,402.9,0.0214,23.85
2020-06-02 18:30:00,85.6,0.0065,23.54
2020-06-02 18:45:00,0.0,0.0002,23.12
