timestamp,hour,ac_power
2020-05-30 00:00:00,0.0,0.0
2020-05-30 00:15:00,0.25,0.0
2020-05-30 00:30:00,0.5,0.0
2020-05-30 00:45:00,0.75,0.0
2020-05-30 01:00:00,1.0,0.0
2020-05-30 01:15:00,1.25,0.0
2020-05-30 01:30:00,1.5,0.0
2020-05-30 01:45:00,1.75,0.0
2020-05-30 02:00:00,2.0,0.0
2020-05-30 02:15:00,2.25,0.0
2020-05-30 02:30:00,2.5,0.0
2020-05-30 02:45:00,2.75,0.0
2020-05-30 03:00:00,3.0,0.0
2020-05-30 03:15:00,3.25,0.0
2020-05-30 03:30:00,3.5,0.0
2020-05-30 03:45:00,3.75,0.0
2020-05-30 04:00:00,4.0,0.0
2020-05-30 04:15:00,4.25,0.0
2020-05-30 04:30:00,4.5,0.0
2020-05-30 04:45:00,4.75,0.0
2020-05-30 05:00:00,5.0,0.0
2020-05-30 05:15:00,5.25,0.0
2020-05-30 05:30:00,5.5,0.0
2020-05-30 05:45:00,5.75,0.0
2020-05-30 06:00:00,6.0,6.928571429
2020-05-30 06:15:00,6.25,28.8375
2020-05-30 06:30:00,6.5,63.9
2020-05-30 06:45:00,6.75,110.1875
2020-05-30 07:00:00,7.0,156.3285714
2020-05-30 07:15:00,7.25,200.9571429
2020-05-30 07:30:00,7.5,186.2375
2020-05-30 07:45:00,7.75,216.5714286
2020-05-30 08:00:00,8.0,279.725
2020-05-30 08:15:00,8.25,400.4428571
2020-05-30 08:30:00,8.5,331.8125
2020-05-30 08:45:00,8.75,315.3
2020-05-30 09:00:00,9.0,342.5375
2020-05-30 09:15:00,9.25,515.5571429
2020-05-30 09:30:00,9.5,569.325
2020-05-30 09:45:00,9.75,422.1714286
2020-05-30 10:00:00,10.0,419.7875
2020-05-30 10:15:00,10.25,406.5714286
2020-05-30 10:30:00,10.5,490.3625
2020-05-30 10:45:00,10.75,487.3285714
2020-05-30 11:00:00,11.0,629.925
2020-05-30 11:15:00,11.25,947.6571429
2020-05-30 11:30:00,11.5,791.7571429
2020-05-30 11:45:00,11.75,788.5
2020-05-30 12:00:00,12.0,1267.728571
2020-05-30 12:15:00,12.25,916.6875
2020-05-30 12:30:00,12.5,1192.742857
2020-05-30 12:45:00,12.75,945.15
2020-05-30 13:00:00,13.0,784.3285714
2020-05-30 13:15:00,13.25,1045.9
2020-05-30 13:30:00,13.5,929.2571429
2020-05-30 13:45:00,13.75,1065.825
2020-05-30 14:00:00,14.0,1008.785714
2020-05-30 14:15:00,14.25,1040.1125
2020-05-30 14:30:00,14.5,962.6428571
2020-05-30 14:45:00,14.75,916.3625
2020-05-30 15:00:00,15.0,865.7142857
2020-05-30 15:15:00,15.25,807.075
2020-05-30 15:30:00,15.5,743.1428571
2020-05-30 15:45:00,15.75,676.4125
2020-05-30 16:00:00,16.0,607.0857143
2020-05-30 16:15:00,16.25,516.1714286
2020-05-30 16:30:00,16.5,409.5875
2020-05-30 16:45:00,16.75,370.8714286
2020-05-30 17:00:00,17.0,303.4875
2020-05-30 17:15:00,17.25,235.3571429
2020-05-30 17:30:00,17.5,159.6
2020-05-30 17:45:00,17.75,88.4
2020-05-30 18:00:00,18.0,58.7
2020-05-30 18:15:00,18.25,26.34285714
2020-05-30 18:30:00,18.5,2.5125
2020-05-30 18:45:00,18.75,0.0
2020-05-30 19:00:00,19.0,0.0
2020-05-30 19:15:00,19.25,0.0
2020-05-30 19:30:00,19.5,0.0
2020-05-30 19:45:00,19.75,0.0
2020-05-30 20:00:00,20.0,0.0
2020-05-30 20:15:00,20.25,0.0
2020-05-30 20:30:00,20.5,0.0
2020-05-30 20:45:00,20.75,0.0
2020-05-30 21:00:00,21.0,0.0
2020-05-30 21:15:00,21.25,0.0
2020-05-30 21:30:00,21.5,0.0
2020-05-30 21:45:00,21.75,0.0
2020-05-30 22:00:00,22.0,0.0
2020-05-30 22:15:00,22.25,0.0
2020-05-30 22:30:00,22.5,0.0
2020-05-30 22:45:00,22.75,0.0
2020-05-30 23:00:00,23.0,0.0
2020-05-30 23:15:00,23.25,0.0
2020-05-30 23:30:00,23.5,0.0
2020-05-30 23:45:00,23.75,0.0
